Date,Airline,Flight,From,To,Dep Terminal,Dep Gate,Arr Terminal,Arr Gate,Canceled,Diverted To,Gate Departure (Scheduled),Gate Departure (Actual),Take off (Scheduled),Take off (Actual),Landing (Scheduled),Landing (Actual),Gate Arrival (Scheduled),Gate Arrival (Actual),Aircraft Type Name,Tail Number,PNR,Seat,Seat Type,Cabin Class,Flight Reason,Notes,Flight Flighty ID,Airline Flighty ID,Departure Airport Flighty ID,Arrival Airport Flighty ID,Diverted To Airport Flighty ID,Aircraft Type Flighty ID,Takeoff_Actual,Landing_Actual,Gate_Departure_Scheduled,Gate_Departure_Actual,Gate_Arrival_Scheduled,Gate_Arrival_Actual
2025-01-02,DAL,2693,MCO,JFK,B,72,4,B42,False,,2025-01-02T06:00,2025-01-02T06:14,2025-01-02T06:18,2025-01-02T06:35,2025-01-02T08:20,2025-01-02T08:28,2025-01-02T08:39,2025-01-02T08:42,Airbus A321,N367DN,HZEPJV,16A,WINDOW,ECONOMY,CREW,,4ed5235a-a198-440c-9c44-f0642fc87926,a8765091-d043-44b1-936c-d217bb519e56,85570a14-2373-4bad-a7b5-b3a9a7fdce90,fc332185-4dde-4791-b449-0de5e83e47b9,,5904cdc2-eccf-41fe-8345-e82a51d3269c,2025-01-02 06:35:00,2025-01-02 08:28:00,2025-01-02 06:00:00,2025-01-02 06:14:00,2025-01-02 08:39:00,2025-01-02 08:42:00
2025-01-02,DAL,5600,JFK,ORD,4,B53,5,M2,False,,2025-01-02T10:51,2025-01-02T10:56,2025-01-02T11:01,2025-01-02T11:13,2025-01-02T11:58,2025-01-02T12:18,2025-01-02T12:45,2025-01-02T12:24,Embraer 175,N204JQ,HZEPJV,08A,WINDOW,PREMIUM_ECONOMY,CREW,,5a77f5e0-1ec5-4322-a442-7bb433f853d5,a8765091-d043-44b1-936c-d217bb519e56,fc332185-4dde-4791-b449-0de5e83e47b9,a5eff314-18e7-4c87-bd38-0131882f1b8d,,36728d5b-40cd-46ec-93ba-8822376b565d,2025-01-02 11:13:00,2025-01-02 12:18:00,2025-01-02 10:51:00,2025-01-02 10:56:00,2025-01-02 12:45:00,2025-01-02 12:24:00
2025-01-17,SWA,4396,MDW,RIC,Main,B10,Main,B9,False,,2025-01-17T18:20,2025-01-17T18:15,2025-01-17T18:30,2025-01-17T18:26,2025-01-17T21:00,2025-01-17T20:45,2025-01-17T21:15,2025-01-17T20:51,Boeing 737-700,N288WN,3YLJJQ,,WINDOW,ECONOMY,CREW,,c51d40c6-ba6d-4eb2-bdb7-acbfc82dd1ce,be4c4286-2c02-4dca-86d4-56e19aa348f7,b1bccd34-3f11-416a-998f-65cc527ca2a0,251bd012-ff1b-4fd6-aa7f-c7b9112eddad,,886c3a0c-c7a3-4205-982f-35cddc765ae1,2025-01-17 18:26:00,2025-01-17 20:45:00,2025-01-17 18:20:00,2025-01-17 18:15:00,2025-01-17 21:15:00,2025-01-17 20:51:00
2025-01-21,SWA,1107,RIC,MDW,Main,A11,Main,A4A,False,,2025-01-21T07:50,2025-01-21T07:48,2025-01-21T08:00,2025-01-21T07:58,2025-01-21T08:53,2025-01-21T08:48,2025-01-21T09:05,2025-01-21T09:01,Boeing 737-800,N8322X,4FCIWU,,,,,,a8f63751-d0cc-4025-be4e-cde7d2253089,be4c4286-2c02-4dca-86d4-56e19aa348f7,251bd012-ff1b-4fd6-aa7f-c7b9112eddad,b1bccd34-3f11-416a-998f-65cc527ca2a0,,8ad8530e-acd0-42bf-abc5-1e70c4a076bf,2025-01-21 07:58:00,2025-01-21 08:48:00,2025-01-21 07:50:00,2025-01-21 07:48:00,2025-01-21 09:05:00,2025-01-21 09:01:00
2025-01-31,DAL,1739,MDW,ATL,Main,A5,S,D7,False,,2025-01-31T17:07,2025-01-31T16:57,2025-01-31T17:17,2025-01-31T17:09,2025-01-31T19:45,2025-01-31T19:43,2025-01-31T20:12,2025-01-31T20:03,Boeing 717-200,N919AT,GFDIUN,18B,AISLE,ECONOMY,CREW,,e7ad8243-d57b-4183-aba4-ee503aa08047,a8765091-d043-44b1-936c-d217bb519e56,b1bccd34-3f11-416a-998f-65cc527ca2a0,6f0c1d11-cfef-4b33-b462-90379270f593,,92a68bee-2e3c-4fc9-975a-20b0d93ac3ed,2025-01-31 17:09:00,2025-01-31 19:43:00,2025-01-31 17:07:00,2025-01-31 16:57:00,2025-01-31 20:12:00,2025-01-31 20:03:00
2025-01-31,DAL,1426,ATL,RIC,S,E37,Main,B13,False,,2025-01-31T20:50,2025-01-31T21:26,2025-01-31T21:00,2025-01-31T21:42,2025-01-31T21:59,2025-01-31T22:42,2025-01-31T22:20,2025-01-31T22:48,Boeing 737-900ER,N845DN,GFDIUN,21F,WINDOW,ECONOMY,CREW,,5b5dc54f-c81f-4b2a-a563-c5540c3f01ee,a8765091-d043-44b1-936c-d217bb519e56,6f0c1d11-cfef-4b33-b462-90379270f593,251bd012-ff1b-4fd6-aa7f-c7b9112eddad,,24012541-435d-4a27-af8a-4791336f1965,2025-01-31 21:42:00,2025-01-31 22:42:00,2025-01-31 20:50:00,2025-01-31 21:26:00,2025-01-31 22:20:00,2025-01-31 22:48:00
2025-02-02,DAL,5327,RIC,LGA,Main,B10,C,72,False,,2025-02-02T17:23,2025-02-02T17:11,2025-02-02T17:33,2025-02-02T17:36,2025-02-02T18:14,2025-02-02T18:17,2025-02-02T18:54,2025-02-02T18:25,Bombardier CRJ900 ,N479PX,GBFX3W,5B,AISLE,PREMIUM_ECONOMY,CREW,,bd896e40-eb48-4732-859f-9693a3184fa9,a8765091-d043-44b1-936c-d217bb519e56,251bd012-ff1b-4fd6-aa7f-c7b9112eddad,dfeb8457-3376-49f8-b542-dbeb2ec9f719,,8a4bd3f7-3aac-4e32-8a52-07e5525b36e3,2025-02-02 17:36:00,2025-02-02 18:17:00,2025-02-02 17:23:00,2025-02-02 17:11:00,2025-02-02 18:54:00,2025-02-02 18:25:00
2025-02-02,DAL,2806,LGA,ORD,C,86,5,M11,False,,2025-02-02T20:45,2025-02-02T20:36,2025-02-02T20:55,2025-02-02T22:48,2025-02-02T22:03,2025-02-02T23:49,2025-02-02T22:36,2025-02-02T23:56,Airbus A220-100,N142DU,GBFX3W,12E,WINDOW,PREMIUM_ECONOMY,CREW,,cb3c53cf-27fe-4904-bcbb-9752cdba1267,a8765091-d043-44b1-936c-d217bb519e56,dfeb8457-3376-49f8-b542-dbeb2ec9f719,a5eff314-18e7-4c87-bd38-0131882f1b8d,,08f3690a-67fe-4be4-8138-cc20b688f722,2025-02-02 22:48:00,2025-02-02 23:49:00,2025-02-02 20:45:00,2025-02-02 20:36:00,2025-02-02 22:36:00,2025-02-02 23:56:00
2025-02-21,DAL,1739,MDW,ATL,Main,A7,S,D25,False,,2025-02-21T17:05,2025-02-21T17:00,2025-02-21T17:15,2025-02-21T17:07,2025-02-21T20:00,2025-02-21T19:31,2025-02-21T20:10,2025-02-21T19:40,Boeing 717-200,N992AT,,22C,AISLE,ECONOMY,CREW,,2fb7f13f-c8fa-4e8d-a17a-f5b0de65974b,a8765091-d043-44b1-936c-d217bb519e56,b1bccd34-3f11-416a-998f-65cc527ca2a0,6f0c1d11-cfef-4b33-b462-90379270f593,,92a68bee-2e3c-4fc9-975a-20b0d93ac3ed,2025-02-21 17:07:00,2025-02-21 19:31:00,2025-02-21 17:05:00,2025-02-21 17:00:00,2025-02-21 20:10:00,2025-02-21 19:40:00
2025-02-21,DAL,1426,ATL,RIC,S,E34,Main,B13,False,,2025-02-21T20:50,2025-02-21T21:18,2025-02-21T21:00,2025-02-21T21:38,2025-02-21T22:08,2025-02-21T22:42,2025-02-21T22:18,2025-02-21T22:50,Boeing 737-900ER,N816DN,,16F,WINDOW,ECONOMY,CREW,,c835a1bb-c19a-4394-914c-100f6df4eae4,a8765091-d043-44b1-936c-d217bb519e56,6f0c1d11-cfef-4b33-b462-90379270f593,251bd012-ff1b-4fd6-aa7f-c7b9112eddad,,24012541-435d-4a27-af8a-4791336f1965,2025-02-21 21:38:00,2025-02-21 22:42:00,2025-02-21 20:50:00,2025-02-21 21:18:00,2025-02-21 22:18:00,2025-02-21 22:50:00
2025-02-23,DAL,4103,RIC,DTW,Main,B12,E,C27,False,,2025-02-23T12:50,2025-02-23T12:48,2025-02-23T13:00,2025-02-23T13:02,2025-02-23T14:37,2025-02-23T14:25,2025-02-23T14:47,2025-02-23T14:36,Bombardier CRJ700,N776SK,,12D,WINDOW,ECONOMY,CREW,,3cd3038d-e962-4436-8ee1-79639c9be385,a8765091-d043-44b1-936c-d217bb519e56,251bd012-ff1b-4fd6-aa7f-c7b9112eddad,8eee2bc8-dcbf-4b7b-a221-e38cce7c823a,,1404a49a-a829-47ff-b37b-6c9273f21c77,2025-02-23 13:02:00,2025-02-23 14:25:00,2025-02-23 12:50:00,2025-02-23 12:48:00,2025-02-23 14:47:00,2025-02-23 14:36:00
2025-02-23,DAL,3869,DTW,MDW,E,B19,Main,A5,False,,2025-02-23T17:50,2025-02-23T17:42,2025-02-23T18:00,2025-02-23T17:59,2025-02-23T18:01,2025-02-23T17:47,2025-02-23T18:11,2025-02-23T17:52,Embraer 175,N317SY,,7C,AISLE,PREMIUM_ECONOMY,CREW,,60d0ff6d-d0b5-4eb5-8964-9636ce972357,a8765091-d043-44b1-936c-d217bb519e56,8eee2bc8-dcbf-4b7b-a221-e38cce7c823a,b1bccd34-3f11-416a-998f-65cc527ca2a0,,36728d5b-40cd-46ec-93ba-8822376b565d,2025-02-23 17:59:00,2025-02-23 17:47:00,2025-02-23 17:50:00,2025-02-23 17:42:00,2025-02-23 18:11:00,2025-02-23 17:52:00
2025-03-17,SWA,1706,MDW,DCA,Main,B5,Main,,True,,2025-03-17T07:30,,2025-03-17T07:40,,2025-03-17T10:05,,2025-03-17T10:15,,Boeing 737-700,N7827A,4RJTJT,,,,,,48113443-19b7-4b33-abf3-17b03fb320fe,be4c4286-2c02-4dca-86d4-56e19aa348f7,b1bccd34-3f11-416a-998f-65cc527ca2a0,be38c6f9-3dd7-41e2-baf8-929dbd2b54f3,,886c3a0c-c7a3-4205-982f-35cddc765ae1,,,2025-03-17 07:30:00,,2025-03-17 10:15:00,
2025-03-17,SWA,3597,MDW,STL,Main,B25,,E8,False,,2025-03-17T09:20,2025-03-17T09:16,2025-03-17T09:30,2025-03-17T09:29,2025-03-17T10:25,2025-03-17T10:16,2025-03-17T10:35,2025-03-17T10:31,Boeing 737-700,N440LV,,20B,MIDDLE,ECONOMY,CREW,Val and I’s first flight together (we sat separately unfortunately),92c5cf37-1aab-437c-b6bf-3dcd44b97636,be4c4286-2c02-4dca-86d4-56e19aa348f7,b1bccd34-3f11-416a-998f-65cc527ca2a0,30c8d2d4-ab3c-4e75-bfff-7786e54941ae,,886c3a0c-c7a3-4205-982f-35cddc765ae1,2025-03-17 09:29:00,2025-03-17 10:16:00,2025-03-17 09:20:00,2025-03-17 09:16:00,2025-03-17 10:35:00,2025-03-17 10:31:00
2025-03-17,SWA,2738,STL,DCA,2,E16,1,A6,False,,2025-03-17T16:00,2025-03-17T16:43,2025-03-17T16:08,2025-03-17T16:54,2025-03-17T18:46,2025-03-17T19:33,2025-03-17T18:55,2025-03-17T19:48,Boeing 737-800,N8603F,,30D,MIDDLE,ECONOMY,CREW,,b74aab87-53b0-456b-9975-dec4dc4859b8,be4c4286-2c02-4dca-86d4-56e19aa348f7,30c8d2d4-ab3c-4e75-bfff-7786e54941ae,be38c6f9-3dd7-41e2-baf8-929dbd2b54f3,,8ad8530e-acd0-42bf-abc5-1e70c4a076bf,2025-03-17 16:54:00,2025-03-17 19:33:00,2025-03-17 16:00:00,2025-03-17 16:43:00,2025-03-17 18:55:00,2025-03-17 19:48:00
2025-03-24,SWA,1717,RIC,MDW,Main,B5,Main,B7,False,,2025-03-24T07:30,2025-03-24T07:27,2025-03-24T07:40,2025-03-24T07:38,2025-03-24T08:25,2025-03-24T08:20,2025-03-24T08:35,2025-03-24T08:26,Boeing 737-700,N217JC,,20C,AISLE,ECONOMY,CREW,,24476f64-bab6-47ec-89f2-1255b03cd9d7,be4c4286-2c02-4dca-86d4-56e19aa348f7,251bd012-ff1b-4fd6-aa7f-c7b9112eddad,b1bccd34-3f11-416a-998f-65cc527ca2a0,,886c3a0c-c7a3-4205-982f-35cddc765ae1,2025-03-24 07:38:00,2025-03-24 08:20:00,2025-03-24 07:30:00,2025-03-24 07:27:00,2025-03-24 08:35:00,2025-03-24 08:26:00
2025-04-04,DAL,2307,MDW,ATL,Main,A7,S,C37,False,,2025-04-04T16:59,2025-04-04T16:52,2025-04-04T17:09,2025-04-04T17:03,2025-04-04T19:45,2025-04-04T19:30,2025-04-04T19:55,2025-04-04T19:35,Boeing 717-200,N955AT,GCDC6T,14B,AISLE,ECONOMY,CREW,,0ccab765-21d0-4262-8288-bb6d5cefa2ac,a8765091-d043-44b1-936c-d217bb519e56,b1bccd34-3f11-416a-998f-65cc527ca2a0,6f0c1d11-cfef-4b33-b462-90379270f593,,92a68bee-2e3c-4fc9-975a-20b0d93ac3ed,2025-04-04 17:03:00,2025-04-04 19:30:00,2025-04-04 16:59:00,2025-04-04 16:52:00,2025-04-04 19:55:00,2025-04-04 19:35:00
2025-04-04,NKS,456,ATL,MCO,N,E1,A,8,False,,2025-04-04T21:53,2025-04-04T21:51,2025-04-04T22:03,2025-04-04T22:11,2025-04-04T23:19,2025-04-04T23:13,2025-04-04T23:29,2025-04-04T23:18,Airbus A320,N609NK,,14D,AISLE,PREMIUM_ECONOMY,CREW,,685efbd8-4367-4990-8e25-4c3ed4cb011d,ffe5c844-1817-47ed-ab7c-6b41364be364,6f0c1d11-cfef-4b33-b462-90379270f593,85570a14-2373-4bad-a7b5-b3a9a7fdce90,,dd390a1f-e92a-4411-ab72-04db16d42030,2025-04-04 22:11:00,2025-04-04 23:13:00,2025-04-04 21:53:00,2025-04-04 21:51:00,2025-04-04 23:29:00,2025-04-04 23:18:00
2025-04-06,SWA,1412,MCO,MDW,A,103,Main,A17,False,,2025-04-06T18:35,2025-04-06T18:41,2025-04-06T18:45,2025-04-06T19:08,2025-04-06T20:20,2025-04-06T20:24,2025-04-06T20:30,2025-04-06T20:32,Boeing 737-800,N8668A,,5E,MIDDLE,ECONOMY,CREW,,71dd5496-7922-4fbf-9e91-2c57570d4bc3,be4c4286-2c02-4dca-86d4-56e19aa348f7,85570a14-2373-4bad-a7b5-b3a9a7fdce90,b1bccd34-3f11-416a-998f-65cc527ca2a0,,8ad8530e-acd0-42bf-abc5-1e70c4a076bf,2025-04-06 19:08:00,2025-04-06 20:24:00,2025-04-06 18:35:00,2025-04-06 18:41:00,2025-04-06 20:30:00,2025-04-06 20:32:00
2025-04-11,DAL,3869,MDW,DTW,Main,A7,E,B21,False,,2025-04-11T18:42,2025-04-11T18:36,2025-04-11T18:52,2025-04-11T18:53,2025-04-11T20:40,2025-04-11T20:35,2025-04-11T20:50,2025-04-11T20:45,Embraer 175,N310SY,JMM9NM,07D,WINDOW,PREMIUM_ECONOMY,CREW,,677b9c5a-32e7-4316-be86-a99766f89882,a8765091-d043-44b1-936c-d217bb519e56,b1bccd34-3f11-416a-998f-65cc527ca2a0,8eee2bc8-dcbf-4b7b-a221-e38cce7c823a,,36728d5b-40cd-46ec-93ba-8822376b565d,2025-04-11 18:53:00,2025-04-11 20:35:00,2025-04-11 18:42:00,2025-04-11 18:36:00,2025-04-11 20:50:00,2025-04-11 20:45:00
2025-04-11,DAL,5088,DTW,RIC,E,B8,Main,B10,False,,2025-04-11T21:30,2025-04-11T21:25,2025-04-11T21:40,2025-04-11T21:40,2025-04-11T23:00,2025-04-11T22:54,2025-04-11T23:10,2025-04-11T23:01,Bombardier CRJ900 ,N316PQ,JMM9NM,08A,WINDOW,PREMIUM_ECONOMY,CREW,,c297e611-eeee-4380-ba3b-23d9ecbd5b94,a8765091-d043-44b1-936c-d217bb519e56,8eee2bc8-dcbf-4b7b-a221-e38cce7c823a,251bd012-ff1b-4fd6-aa7f-c7b9112eddad,,8a4bd3f7-3aac-4e32-8a52-07e5525b36e3,2025-04-11 21:40:00,2025-04-11 22:54:00,2025-04-11 21:30:00,2025-04-11 21:25:00,2025-04-11 23:10:00,2025-04-11 23:01:00
2025-04-14,SWA,4671,RIC,MDW,Main,B5,Main,A4B,False,,2025-04-14T05:25,2025-04-14T06:02,2025-04-14T05:35,2025-04-14T06:11,2025-04-14T06:20,2025-04-14T06:54,2025-04-14T06:30,2025-04-14T07:00,Boeing 737-700,N228WN,,02D,AISLE,ECONOMY,CREW,Wheelchair basketball championship had a ton of extra seats that were open but booked because wheelchair,d2f6a6a1-e872-4079-ae23-c7d21149fac0,be4c4286-2c02-4dca-86d4-56e19aa348f7,251bd012-ff1b-4fd6-aa7f-c7b9112eddad,b1bccd34-3f11-416a-998f-65cc527ca2a0,,886c3a0c-c7a3-4205-982f-35cddc765ae1,2025-04-14 06:11:00,2025-04-14 06:54:00,2025-04-14 05:25:00,2025-04-14 06:02:00,2025-04-14 06:30:00,2025-04-14 07:00:00
2025-05-01,DAL,2060,MDW,ATL,Main,A5,S,D7,False,,2025-05-01T18:45,2025-05-01T18:35,2025-05-01T18:55,2025-05-01T18:52,2025-05-01T21:39,2025-05-01T21:20,2025-05-01T21:49,2025-05-01T21:30,Boeing 717-200,N978AT,GRQYV7,28A,WINDOW,ECONOMY,,,46237519-3dd1-4fa8-9a46-e4b654c4f84b,a8765091-d043-44b1-936c-d217bb519e56,b1bccd34-3f11-416a-998f-65cc527ca2a0,6f0c1d11-cfef-4b33-b462-90379270f593,,92a68bee-2e3c-4fc9-975a-20b0d93ac3ed,2025-05-01 18:52:00,2025-05-01 21:20:00,2025-05-01 18:45:00,2025-05-01 18:35:00,2025-05-01 21:49:00,2025-05-01 21:30:00
2025-05-01,DAL,1175,ATL,RIC,S,A19,Main,B14,False,,2025-05-01T22:52,2025-05-01T23:06,2025-05-01T23:02,2025-05-01T23:26,2025-05-02T00:15,2025-05-02T00:37,2025-05-02T00:25,2025-05-02T00:42,Boeing 757-200,N552NW,GRQYV7,19A,WINDOW,PREMIUM_ECONOMY,,,2563e38a-0c5a-43cc-9bcd-ce903c6990e4,a8765091-d043-44b1-936c-d217bb519e56,6f0c1d11-cfef-4b33-b462-90379270f593,251bd012-ff1b-4fd6-aa7f-c7b9112eddad,,2c3a4012-9fb9-44fc-9a71-0b6cb336042e,2025-05-01 23:26:00,2025-05-02 00:37:00,2025-05-01 22:52:00,2025-05-01 23:06:00,2025-05-02 00:25:00,2025-05-02 00:42:00
2025-05-05,SWA,4671,RIC,MDW,Main,B9,Main,B24,False,,2025-05-05T05:25,2025-05-05T05:22,2025-05-05T05:35,2025-05-05T05:39,2025-05-05T06:20,2025-05-05T06:05,2025-05-05T06:30,2025-05-05T06:10,Boeing 737-700,N922WN,,11E,MIDDLE,ECONOMY,,,ccc5d46c-4456-4312-bbb4-dd52fae667b6,be4c4286-2c02-4dca-86d4-56e19aa348f7,251bd012-ff1b-4fd6-aa7f-c7b9112eddad,b1bccd34-3f11-416a-998f-65cc527ca2a0,,886c3a0c-c7a3-4205-982f-35cddc765ae1,2025-05-05 05:39:00,2025-05-05 06:05:00,2025-05-05 05:25:00,2025-05-05 05:22:00,2025-05-05 06:30:00,2025-05-05 06:10:00
2025-06-06,UAL,1660,ORD,SFO,1,B14,2,D14,False,,2025-06-06T16:48,2025-06-06T16:45,2025-06-06T16:58,2025-06-06T17:03,2025-06-06T19:28,2025-06-06T19:15,2025-06-06T19:38,2025-06-06T19:18,Airbus A321neo,N14515,,20C,AISLE,PREMIUM_ECONOMY,,,86450266-b86a-4ab4-a13d-2403c43c8576,b57b4c86-4724-48f1-80be-d7de4036004a,a5eff314-18e7-4c87-bd38-0131882f1b8d,9b0faf9d-6e26-44ce-88d6-f30a340ea2b7,,2e99cd6b-cec7-4ec7-a85e-dbc2b5e25a8f,2025-06-06 17:03:00,2025-06-06 19:15:00,2025-06-06 16:48:00,2025-06-06 16:45:00,2025-06-06 19:38:00,2025-06-06 19:18:00
2025-06-07,UAL,2854,SFO,BNA,3,F19,Main,A8,False,,2025-06-07T22:35,2025-06-07T22:31,2025-06-07T22:45,2025-06-07T22:56,2025-06-08T04:52,2025-06-08T04:50,2025-06-08T05:02,2025-06-08T04:58,Boeing 737 MAX 9,N37510,EPGVB1,4B,AISLE,FIRST,CREW,,2dd8ea43-2be7-4436-a6bf-03a01463d9b5,b57b4c86-4724-48f1-80be-d7de4036004a,9b0faf9d-6e26-44ce-88d6-f30a340ea2b7,812e405f-26e2-44fb-83fc-db16918270b2,,8240381a-dce7-4694-a1d8-4769a0c6507a,2025-06-07 22:56:00,2025-06-08 04:50:00,2025-06-07 22:35:00,2025-06-07 22:31:00,2025-06-08 05:02:00,2025-06-08 04:58:00
2025-06-08,UAL,6007,BNA,ORD,Main,A3,1,B18,False,,2025-06-08T18:10,2025-06-08T19:29,2025-06-08T18:20,2025-06-08T19:48,2025-06-08T20:02,2025-06-08T21:10,2025-06-08T20:12,2025-06-08T21:38,Embraer 175,N133SY,,8C,AISLE,PREMIUM_ECONOMY,CREW,,fa76e632-5b02-445c-84e3-94b9d3ecc489,b57b4c86-4724-48f1-80be-d7de4036004a,812e405f-26e2-44fb-83fc-db16918270b2,a5eff314-18e7-4c87-bd38-0131882f1b8d,,36728d5b-40cd-46ec-93ba-8822376b565d,2025-06-08 19:48:00,2025-06-08 21:10:00,2025-06-08 18:10:00,2025-06-08 19:29:00,2025-06-08 20:12:00,2025-06-08 21:38:00
2025-06-12,UAL,2243,ORD,RIC,1,C3,Main,B3,False,,2025-06-12T18:26,2025-06-12T18:28,2025-06-12T18:36,2025-06-12T19:00,2025-06-12T21:26,2025-06-12T21:27,2025-06-12T21:36,2025-06-12T21:34,Airbus A319,N828UA,,7D,AISLE,PREMIUM_ECONOMY,CREW,,ca859be6-7e5e-4efa-a027-cc848bf9e166,b57b4c86-4724-48f1-80be-d7de4036004a,a5eff314-18e7-4c87-bd38-0131882f1b8d,251bd012-ff1b-4fd6-aa7f-c7b9112eddad,,fb8254ff-1d83-4fe1-a147-882c217dfcbe,2025-06-12 19:00:00,2025-06-12 21:27:00,2025-06-12 18:26:00,2025-06-12 18:28:00,2025-06-12 21:36:00,2025-06-12 21:34:00
2025-06-13,UAL,2137,RIC,ORD,Main,B3,1,C31,False,,2025-06-13T06:30,2025-06-13T06:21,2025-06-13T06:40,2025-06-13T06:35,2025-06-13T07:36,2025-06-13T07:18,2025-06-13T07:46,2025-06-13T07:29,Airbus A319,N828UA,,7D,AISLE,PREMIUM_ECONOMY,CREW,,28763e0a-02d3-41ac-a0f9-999f2cf43866,b57b4c86-4724-48f1-80be-d7de4036004a,251bd012-ff1b-4fd6-aa7f-c7b9112eddad,a5eff314-18e7-4c87-bd38-0131882f1b8d,,fb8254ff-1d83-4fe1-a147-882c217dfcbe,2025-06-13 06:35:00,2025-06-13 07:18:00,2025-06-13 06:30:00,2025-06-13 06:21:00,2025-06-13 07:46:00,2025-06-13 07:29:00
2025-06-13,UAL,2039,ORD,MCO,2,E7,B,48,False,,2025-06-13T17:50,2025-06-13T17:52,2025-06-13T18:00,2025-06-13T18:14,2025-06-13T21:36,2025-06-13T21:43,2025-06-13T21:46,2025-06-13T21:48,Airbus A321neo,N14512,NQ78TH,9C,AISLE,PREMIUM_ECONOMY,CREW,,9513b3c1-2912-40ed-9d9e-24c2bbdb0a88,b57b4c86-4724-48f1-80be-d7de4036004a,a5eff314-18e7-4c87-bd38-0131882f1b8d,85570a14-2373-4bad-a7b5-b3a9a7fdce90,,2e99cd6b-cec7-4ec7-a85e-dbc2b5e25a8f,2025-06-13 18:14:00,2025-06-13 21:43:00,2025-06-13 17:50:00,2025-06-13 17:52:00,2025-06-13 21:46:00,2025-06-13 21:48:00
2025-06-15,UAL,1828,MCO,ORD,B,47,1,C11,False,,2025-06-15T16:10,2025-06-15T16:04,2025-06-15T16:20,2025-06-15T16:38,2025-06-15T18:14,2025-06-15T18:09,2025-06-15T18:24,2025-06-15T18:19,Boeing 757-300,N57857,,35D,AISLE,PREMIUM_ECONOMY,CREW,,8e63febe-a9fe-4a68-9f3b-2428e13de1c0,b57b4c86-4724-48f1-80be-d7de4036004a,85570a14-2373-4bad-a7b5-b3a9a7fdce90,a5eff314-18e7-4c87-bd38-0131882f1b8d,,0e3e6575-bd45-480c-bd83-360ac9fc02d2,2025-06-15 16:38:00,2025-06-15 18:09:00,2025-06-15 16:10:00,2025-06-15 16:04:00,2025-06-15 18:24:00,2025-06-15 18:19:00
2025-06-19,UAL,2243,ORD,RIC,2,E8,Main,B1,False,,2025-06-19T18:26,2025-06-19T18:49,2025-06-19T18:36,2025-06-19T19:19,2025-06-19T21:26,2025-06-19T21:45,2025-06-19T21:36,2025-06-19T21:49,Airbus A320,N427UA,,20F,WINDOW,,,,e26b258a-421a-45cc-b5e1-58ec7262b69a,b57b4c86-4724-48f1-80be-d7de4036004a,a5eff314-18e7-4c87-bd38-0131882f1b8d,251bd012-ff1b-4fd6-aa7f-c7b9112eddad,,dd390a1f-e92a-4411-ab72-04db16d42030,2025-06-19 19:19:00,2025-06-19 21:45:00,2025-06-19 18:26:00,2025-06-19 18:49:00,2025-06-19 21:36:00,2025-06-19 21:49:00
2025-06-20,UAL,1297,ORF,ORD,Main,B29,1,B10,False,,2025-06-20T06:30,2025-06-20T06:25,2025-06-20T06:40,2025-06-20T06:36,2025-06-20T07:45,2025-06-20T07:22,2025-06-20T07:55,2025-06-20T07:31,Boeing 737-800,N24202,,12E,MIDDLE,PREMIUM_ECONOMY,CREW,,b19cdd64-ac52-4c54-bcce-d4f23895849b,b57b4c86-4724-48f1-80be-d7de4036004a,851ea82b-b482-4c2b-afeb-191a46058104,a5eff314-18e7-4c87-bd38-0131882f1b8d,,8ad8530e-acd0-42bf-abc5-1e70c4a076bf,2025-06-20 06:36:00,2025-06-20 07:22:00,2025-06-20 06:30:00,2025-06-20 06:25:00,2025-06-20 07:55:00,2025-06-20 07:31:00
2025-06-20,UAL,2039,ORD,MCO,1,B8,B,44,False,,2025-06-20T17:50,2025-06-20T18:07,2025-06-20T18:00,2025-06-20T18:54,2025-06-20T21:36,2025-06-20T22:01,2025-06-20T21:46,2025-06-20T22:06,Airbus A321neo,N14531,,25E,MIDDLE,PREMIUM_ECONOMY,CREW,,10e3dac5-9816-4bec-be10-d29bbc512419,b57b4c86-4724-48f1-80be-d7de4036004a,a5eff314-18e7-4c87-bd38-0131882f1b8d,85570a14-2373-4bad-a7b5-b3a9a7fdce90,,2e99cd6b-cec7-4ec7-a85e-dbc2b5e25a8f,2025-06-20 18:54:00,2025-06-20 22:01:00,2025-06-20 17:50:00,2025-06-20 18:07:00,2025-06-20 21:46:00,2025-06-20 22:06:00
2025-06-22,DAL,511,MCO,CVG,B,80,3,B9,False,,2025-06-22T11:00,2025-06-22T10:59,2025-06-22T11:10,2025-06-22T11:26,2025-06-22T13:00,2025-06-22T13:14,2025-06-22T13:10,2025-06-22T13:19,Boeing 737-800,N3753,JMBEG6,33A,WINDOW,ECONOMY,CREW,,d3023a23-e56d-430b-935f-e954510a48f8,a8765091-d043-44b1-936c-d217bb519e56,85570a14-2373-4bad-a7b5-b3a9a7fdce90,d1a147c1-c486-4b4b-a744-65bf7018d1bc,,8ad8530e-acd0-42bf-abc5-1e70c4a076bf,2025-06-22 11:26:00,2025-06-22 13:14:00,2025-06-22 11:00:00,2025-06-22 10:59:00,2025-06-22 13:10:00,2025-06-22 13:19:00
2025-06-22,UAL,310,CVG,ORD,3,A11,1,B8,False,,2025-06-22T14:10,2025-06-22T14:57,2025-06-22T14:20,2025-06-22T15:08,2025-06-22T14:44,2025-06-22T14:57,2025-06-22T14:54,2025-06-22T15:14,Boeing 737-800,N37277,,20B,MIDDLE,PREMIUM_ECONOMY,CREW,,be213f65-619e-43f9-8ba9-4c290f999447,b57b4c86-4724-48f1-80be-d7de4036004a,d1a147c1-c486-4b4b-a744-65bf7018d1bc,a5eff314-18e7-4c87-bd38-0131882f1b8d,,8ad8530e-acd0-42bf-abc5-1e70c4a076bf,2025-06-22 15:08:00,2025-06-22 14:57:00,2025-06-22 14:10:00,2025-06-22 14:57:00,2025-06-22 14:54:00,2025-06-22 15:14:00
2025-06-27,UAL,1634,ORD,IAD,1,C21,Main,D14,False,,2025-06-27T14:24,2025-06-27T14:20,2025-06-27T14:34,2025-06-27T15:26,2025-06-27T17:20,2025-06-27T17:52,2025-06-27T17:30,2025-06-27T18:18,Boeing 737 MAX 9,N17402,,11F,WINDOW,PREMIUM_ECONOMY,CREW,,9e13067c-7b89-4b09-be79-da1e09b95c0f,b57b4c86-4724-48f1-80be-d7de4036004a,a5eff314-18e7-4c87-bd38-0131882f1b8d,519696f5-bda6-457c-ae4c-dd1cb07e20de,,8240381a-dce7-4694-a1d8-4769a0c6507a,2025-06-27 15:26:00,2025-06-27 17:52:00,2025-06-27 14:24:00,2025-06-27 14:20:00,2025-06-27 17:30:00,2025-06-27 18:18:00
2025-06-27,UAL,126,IAD,FCO,Main,C27,3,709,False,,2025-06-27T22:10,2025-06-27T22:19,2025-06-27T22:20,2025-06-27T22:41,2025-06-28T12:55,2025-06-28T12:50,2025-06-28T13:05,2025-06-28T12:55,Boeing 767-300,N647UA,,29B,AISLE,ECONOMY,CREW,,6d008994-c730-4007-ab5f-32a35b771815,b57b4c86-4724-48f1-80be-d7de4036004a,519696f5-bda6-457c-ae4c-dd1cb07e20de,c1ae74d8-8361-4e5e-95e3-86a49e98df2a,,3e31e7b6-cfc1-4a82-b88b-bbb8ecad73c3,2025-06-27 22:41:00,2025-06-28 12:50:00,2025-06-27 22:10:00,2025-06-27 22:19:00,2025-06-28 13:05:00,2025-06-28 12:55:00
2025-06-30,UAL,971,FCO,ORD,3,E34,5,M15,False,,2025-06-30T09:45,2025-06-30T09:43,2025-06-30T10:12,2025-06-30T10:10,2025-06-30T12:47,2025-06-30T12:48,2025-06-30T13:10,2025-06-30T13:00,Boeing 787-10,N14001,,45A,WINDOW,ECONOMY,,,5d190c7b-ea60-438d-8d54-f915b0ab9f50,b57b4c86-4724-48f1-80be-d7de4036004a,c1ae74d8-8361-4e5e-95e3-86a49e98df2a,a5eff314-18e7-4c87-bd38-0131882f1b8d,,7ee6dd4c-86a8-412a-8fd3-9dc79c771bc9,2025-06-30 10:10:00,2025-06-30 12:48:00,2025-06-30 09:45:00,2025-06-30 09:43:00,2025-06-30 13:10:00,2025-06-30 13:00:00
2025-07-02,UAL,3601,ORD,YYZ,2,E11,1,249,False,,2025-07-02T08:50,2025-07-02T09:43,2025-07-02T09:00,2025-07-02T09:58,2025-07-02T11:39,2025-07-02T12:03,2025-07-02T11:49,2025-07-02T12:39,Embraer 175,N724YX,,21C,AISLE,PREMIUM_ECONOMY,CREW,,7f84395a-434a-4b3f-9ea9-e8b7cb71d3b6,b57b4c86-4724-48f1-80be-d7de4036004a,a5eff314-18e7-4c87-bd38-0131882f1b8d,54b344b9-4034-43bf-9f74-6934fe37e671,,36728d5b-40cd-46ec-93ba-8822376b565d,2025-07-02 09:58:00,2025-07-02 12:03:00,2025-07-02 08:50:00,2025-07-02 09:43:00,2025-07-02 11:49:00,2025-07-02 12:39:00
2025-07-03,UAL,3711,YYZ,EWR,1,F60,C,C81,False,,2025-07-03T19:59,2025-07-03T22:41,2025-07-03T20:09,2025-07-03T23:09,2025-07-03T21:38,2025-07-04T00:05,2025-07-03T21:48,2025-07-04T00:14,Embraer 170,N638RW,,8B,AISLE,PREMIUM_ECONOMY,CREW,,a44c2992-0767-4d29-a419-175a8c2a0e65,b57b4c86-4724-48f1-80be-d7de4036004a,54b344b9-4034-43bf-9f74-6934fe37e671,4427d229-a1e2-4955-81fa-9b5c0f103f12,,2acf1934-38ee-4709-8efa-7018f9be5222,2025-07-03 23:09:00,2025-07-04 00:05:00,2025-07-03 19:59:00,2025-07-03 22:41:00,2025-07-03 21:48:00,2025-07-04 00:14:00
2025-07-04,UAL,554,EWR,BOS,A,22,B,B26,False,,2025-07-04T06:55,2025-07-04T08:15,2025-07-04T07:05,2025-07-04T08:36,2025-07-04T08:01,2025-07-04T09:19,2025-07-04T08:11,2025-07-04T09:22,Boeing 737-900ER,N36469,,9F,AISLE,PREMIUM_ECONOMY,CREW,,a753b4f2-e227-494f-bb7f-37c11baa7bff,b57b4c86-4724-48f1-80be-d7de4036004a,4427d229-a1e2-4955-81fa-9b5c0f103f12,813ec62f-c303-44d9-a041-a4434d6fd652,,24012541-435d-4a27-af8a-4791336f1965,2025-07-04 08:36:00,2025-07-04 09:19:00,2025-07-04 06:55:00,2025-07-04 08:15:00,2025-07-04 08:11:00,2025-07-04 09:22:00
2025-07-05,UAL,688,BOS,EWR,B,B24,C,90,False,,2025-07-05T20:02,2025-07-05T19:59,2025-07-05T20:12,2025-07-05T20:22,2025-07-05T21:19,2025-07-05T21:08,2025-07-05T21:29,2025-07-05T21:17,Boeing 737 MAX 9,N77590,,9A,WINDOW,PREMIUM_ECONOMY,CREW,,f20cf8b8-2b94-4961-9d07-a346d5919c86,b57b4c86-4724-48f1-80be-d7de4036004a,813ec62f-c303-44d9-a041-a4434d6fd652,4427d229-a1e2-4955-81fa-9b5c0f103f12,,8240381a-dce7-4694-a1d8-4769a0c6507a,2025-07-05 20:22:00,2025-07-05 21:08:00,2025-07-05 20:02:00,2025-07-05 19:59:00,2025-07-05 21:29:00,2025-07-05 21:17:00
2025-07-05,UAL,2084,EWR,ORD,C,73,1,B8,False,,2025-07-05T22:30,2025-07-05T22:24,2025-07-05T22:40,2025-07-05T22:45,2025-07-05T23:49,2025-07-05T23:25,2025-07-05T23:59,2025-07-05T23:31,Boeing 737 MAX 8,N17358,,11E,MIDDLE,PREMIUM_ECONOMY,CREW,,ec896608-ce46-4808-8a4b-2e4edee71a0d,b57b4c86-4724-48f1-80be-d7de4036004a,4427d229-a1e2-4955-81fa-9b5c0f103f12,a5eff314-18e7-4c87-bd38-0131882f1b8d,,5ee1c1db-bf8c-475a-99b0-262bbc7a50b2,2025-07-05 22:45:00,2025-07-05 23:25:00,2025-07-05 22:30:00,2025-07-05 22:24:00,2025-07-05 23:59:00,2025-07-05 23:31:00
2025-07-06,UAL,2277,ORD,IAD,1,B3,Main,C19,False,,2025-07-06T08:52,2025-07-06T12:52,2025-07-06T09:02,2025-07-06T13:14,2025-07-06T11:45,2025-07-06T15:43,2025-07-06T11:55,2025-07-06T15:52,Boeing 757-200,N17126,,22D,AISLE,PREMIUM_ECONOMY,CREW,,48e7e3c4-672a-46a3-8524-d42441f93eb8,b57b4c86-4724-48f1-80be-d7de4036004a,a5eff314-18e7-4c87-bd38-0131882f1b8d,519696f5-bda6-457c-ae4c-dd1cb07e20de,,2c3a4012-9fb9-44fc-9a71-0b6cb336042e,2025-07-06 13:14:00,2025-07-06 15:43:00,2025-07-06 08:52:00,2025-07-06 12:52:00,2025-07-06 11:55:00,2025-07-06 15:52:00
2025-07-06,UAL,1193,DCA,ORD,2,B14,2,E7,False,,2025-07-06T19:00,2025-07-06T20:39,2025-07-06T19:10,2025-07-06T21:13,2025-07-06T20:06,2025-07-06T21:44,2025-07-06T20:16,2025-07-06T22:16,Boeing 737-700,N24706,,11C,AISLE,ECONOMY,CREW,,604c9aa8-8c7a-4738-a00c-c8afb8f366c9,b57b4c86-4724-48f1-80be-d7de4036004a,be38c6f9-3dd7-41e2-baf8-929dbd2b54f3,a5eff314-18e7-4c87-bd38-0131882f1b8d,,886c3a0c-c7a3-4205-982f-35cddc765ae1,2025-07-06 21:13:00,2025-07-06 21:44:00,2025-07-06 19:00:00,2025-07-06 20:39:00,2025-07-06 20:16:00,2025-07-06 22:16:00
2025-07-11,UAL,1755,ORD,DCA,1,C30,2,B14,False,,2025-07-11T16:00,2025-07-11T16:01,2025-07-11T16:10,2025-07-11T16:29,2025-07-11T18:52,2025-07-11T19:23,2025-07-11T19:02,2025-07-11T19:27,Airbus A319,N814UA,,7D,AISLE,PREMIUM_ECONOMY,CREW,,ca9db486-7fcd-4b03-a745-acccc38b0cbf,b57b4c86-4724-48f1-80be-d7de4036004a,a5eff314-18e7-4c87-bd38-0131882f1b8d,be38c6f9-3dd7-41e2-baf8-929dbd2b54f3,,fb8254ff-1d83-4fe1-a147-882c217dfcbe,2025-07-11 16:29:00,2025-07-11 19:23:00,2025-07-11 16:00:00,2025-07-11 16:01:00,2025-07-11 19:02:00,2025-07-11 19:27:00
2025-07-11,UAL,330,IAD,CDG,Main,D30,1,26,False,,2025-07-11T22:45,2025-07-11T23:50,2025-07-11T23:03,2025-07-12T00:05,2025-07-12T12:09,2025-07-12T12:56,2025-07-12T12:35,2025-07-12T13:05,Boeing 767-400,N69063,,22B,AISLE,BUSINESS,CREW,,9ecb4d56-e897-48e0-8c8b-54321434aca1,b57b4c86-4724-48f1-80be-d7de4036004a,519696f5-bda6-457c-ae4c-dd1cb07e20de,065a1318-77b6-4f77-98ce-95b9253f64a5,,dae07e29-15b1-4f35-9552-d70888135843,2025-07-12 00:05:00,2025-07-12 12:56:00,2025-07-11 22:45:00,2025-07-11 23:50:00,2025-07-12 12:35:00,2025-07-12 13:05:00
2025-07-13,UAL,986,CDG,ORD,1,12,5,M15,False,,2025-07-13T11:15,2025-07-13T11:12,2025-07-13T11:39,2025-07-13T11:31,2025-07-13T12:31,2025-07-13T12:34,2025-07-13T13:10,2025-07-13T12:46,Boeing 787-10,N14016,,47F,AISLE,ECONOMY,CREW,,698f7eea-9252-44e9-81d7-a78892b77d68,b57b4c86-4724-48f1-80be-d7de4036004a,065a1318-77b6-4f77-98ce-95b9253f64a5,a5eff314-18e7-4c87-bd38-0131882f1b8d,,7ee6dd4c-86a8-412a-8fd3-9dc79c771bc9,2025-07-13 11:31:00,2025-07-13 12:34:00,2025-07-13 11:15:00,2025-07-13 11:12:00,2025-07-13 13:10:00,2025-07-13 12:46:00
2025-07-18,UAL,2243,ORD,RIC,1,C27,Main,B1,False,,2025-07-18T18:20,2025-07-18T18:57,2025-07-18T18:30,2025-07-18T19:18,2025-07-18T21:20,2025-07-18T21:45,2025-07-18T21:30,2025-07-18T21:51,Airbus A320,N449UA,,20C,AISLE,PREMIUM_ECONOMY,CREW,,a0b9da39-cf72-42fb-a59c-1d65ca7df6fa,b57b4c86-4724-48f1-80be-d7de4036004a,a5eff314-18e7-4c87-bd38-0131882f1b8d,251bd012-ff1b-4fd6-aa7f-c7b9112eddad,,dd390a1f-e92a-4411-ab72-04db16d42030,2025-07-18 19:18:00,2025-07-18 21:45:00,2025-07-18 18:20:00,2025-07-18 18:57:00,2025-07-18 21:30:00,2025-07-18 21:51:00
2025-07-19,UAL,4192,RIC,EWR,Main,B2,C,103,False,,2025-07-19T06:03,2025-07-19T05:54,2025-07-19T06:13,2025-07-19T06:14,2025-07-19T07:20,2025-07-19T07:07,2025-07-19T07:30,2025-07-19T07:13,Bombardier CRJ700,N554GJ,,3C,AISLE,FIRST,CREW,,24922010-f521-4d61-8708-c60aa466290a,b57b4c86-4724-48f1-80be-d7de4036004a,251bd012-ff1b-4fd6-aa7f-c7b9112eddad,4427d229-a1e2-4955-81fa-9b5c0f103f12,,1404a49a-a829-47ff-b37b-6c9273f21c77,2025-07-19 06:14:00,2025-07-19 07:07:00,2025-07-19 06:03:00,2025-07-19 05:54:00,2025-07-19 07:30:00,2025-07-19 07:13:00
2025-07-19,UAL,1556,EWR,SJU,C,112,B,B10,False,,2025-07-19T09:44,2025-07-19T09:44,2025-07-19T09:54,2025-07-19T10:14,2025-07-19T13:35,2025-07-19T13:29,2025-07-19T13:45,2025-07-19T13:53,Boeing 737 MAX 9,N37522,,36F,WINDOW,ECONOMY,CREW,,eac920ff-ee19-4ce1-9ec6-59e5d7d463c7,b57b4c86-4724-48f1-80be-d7de4036004a,4427d229-a1e2-4955-81fa-9b5c0f103f12,1f1a1626-74d4-4ce1-b3db-9a365053202a,,8240381a-dce7-4694-a1d8-4769a0c6507a,2025-07-19 10:14:00,2025-07-19 13:29:00,2025-07-19 09:44:00,2025-07-19 09:44:00,2025-07-19 13:45:00,2025-07-19 13:53:00
2025-07-20,UAL,1644,SJU,IAH,B,B2,E,14,False,,2025-07-20T07:00,2025-07-20T06:51,2025-07-20T07:10,2025-07-20T07:05,2025-07-20T10:41,2025-07-20T10:01,2025-07-20T10:51,2025-07-20T10:07,Boeing 737 MAX 9,N37525,,21E,MIDDLE,PREMIUM_ECONOMY,CREW,,549b20aa-f558-4355-b3d7-b2279d993a4a,b57b4c86-4724-48f1-80be-d7de4036004a,1f1a1626-74d4-4ce1-b3db-9a365053202a,9a82d843-2e36-4dba-8a6c-ea86d70b316b,,8240381a-dce7-4694-a1d8-4769a0c6507a,2025-07-20 07:05:00,2025-07-20 10:01:00,2025-07-20 07:00:00,2025-07-20 06:51:00,2025-07-20 10:51:00,2025-07-20 10:07:00
2025-07-20,UAL,6173,IAH,RIC,C,31,Main,B3,False,,2025-07-20T12:05,2025-07-20T11:53,2025-07-20T12:15,2025-07-20T12:09,2025-07-20T15:59,2025-07-20T16:00,2025-07-20T16:09,2025-07-20T15:47,Embraer 175,N88331,,16D,AISLE,ECONOMY,CREW,,32ca5268-ca3a-43b8-b13f-fa4ae03fb86e,b57b4c86-4724-48f1-80be-d7de4036004a,9a82d843-2e36-4dba-8a6c-ea86d70b316b,251bd012-ff1b-4fd6-aa7f-c7b9112eddad,,36728d5b-40cd-46ec-93ba-8822376b565d,2025-07-20 12:09:00,2025-07-20 16:00:00,2025-07-20 12:05:00,2025-07-20 11:53:00,2025-07-20 16:09:00,2025-07-20 15:47:00
2025-07-21,UAL,5407,CHO,ORD,,1,2,F18,False,,2025-07-21T07:00,2025-07-21T06:49,2025-07-21T07:10,2025-07-21T07:03,2025-07-21T07:55,2025-07-21T07:36,2025-07-21T08:05,2025-07-21T07:52,Bombardier CRJ700,N762SK,,11D,WINDOW,PREMIUM_ECONOMY,CREW,,cf0f750e-d6c8-4342-866d-d1777155b480,b57b4c86-4724-48f1-80be-d7de4036004a,5fd07c34-1fa4-4259-87e3-62eed404c3d9,a5eff314-18e7-4c87-bd38-0131882f1b8d,,1404a49a-a829-47ff-b37b-6c9273f21c77,2025-07-21 07:03:00,2025-07-21 07:36:00,2025-07-21 07:00:00,2025-07-21 06:49:00,2025-07-21 08:05:00,2025-07-21 07:52:00
2025-07-23,UAL,2243,ORD,RIC,1,B21,Main,B1,False,,2025-07-23T18:20,2025-07-23T18:21,2025-07-23T18:30,2025-07-23T19:00,2025-07-23T21:20,2025-07-23T21:33,2025-07-23T21:30,2025-07-23T21:38,Airbus A320,N476UA,,7F,WINDOW,PREMIUM_ECONOMY,CREW,,350dccf0-84da-4e31-82c5-49c7a7d32e48,b57b4c86-4724-48f1-80be-d7de4036004a,a5eff314-18e7-4c87-bd38-0131882f1b8d,251bd012-ff1b-4fd6-aa7f-c7b9112eddad,,dd390a1f-e92a-4411-ab72-04db16d42030,2025-07-23 19:00:00,2025-07-23 21:33:00,2025-07-23 18:20:00,2025-07-23 18:21:00,2025-07-23 21:30:00,2025-07-23 21:38:00
2025-07-24,UAL,1741,RIC,ORD,Main,B1,1,B20,False,,2025-07-24T06:25,2025-07-24T06:22,2025-07-24T06:35,2025-07-24T06:33,2025-07-24T07:31,2025-07-24T07:04,2025-07-24T07:41,2025-07-24T07:10,Airbus A320,N476UA,,20F,WINDOW,PREMIUM_ECONOMY,CREW,,23ea6287-ec95-41ad-9a01-72185e0528a1,b57b4c86-4724-48f1-80be-d7de4036004a,251bd012-ff1b-4fd6-aa7f-c7b9112eddad,a5eff314-18e7-4c87-bd38-0131882f1b8d,,dd390a1f-e92a-4411-ab72-04db16d42030,2025-07-24 06:33:00,2025-07-24 07:04:00,2025-07-24 06:25:00,2025-07-24 06:22:00,2025-07-24 07:41:00,2025-07-24 07:10:00
2025-07-25,UAL,1273,ORD,SFO,1,B14,3,F11,False,,2025-07-25T06:30,2025-07-25T06:29,2025-07-25T06:40,2025-07-25T06:46,2025-07-25T08:59,2025-07-25T08:41,2025-07-25T09:09,2025-07-25T08:47,Boeing 757-300,N56859,,24D,AISLE,ECONOMY,CREW,Positive Space,2d64b75e-e225-4073-bd5e-785c38bb76bf,b57b4c86-4724-48f1-80be-d7de4036004a,a5eff314-18e7-4c87-bd38-0131882f1b8d,9b0faf9d-6e26-44ce-88d6-f30a340ea2b7,,0e3e6575-bd45-480c-bd83-360ac9fc02d2,2025-07-25 06:46:00,2025-07-25 08:41:00,2025-07-25 06:30:00,2025-07-25 06:29:00,2025-07-25 09:09:00,2025-07-25 08:47:00
2025-07-25,UAL,672,SFO,BCN,INTL,G7,T1,295,False,,2025-07-25T17:40,2025-07-25T17:36,2025-07-25T17:50,2025-07-25T18:24,2025-07-26T13:50,2025-07-26T13:44,2025-07-26T14:00,2025-07-26T13:52,Boeing 777-200 ER,N209UA,,32A,WINDOW,PREMIUM_ECONOMY,CREW,,4c660745-8d5a-490a-97c1-d35bb77827ce,b57b4c86-4724-48f1-80be-d7de4036004a,9b0faf9d-6e26-44ce-88d6-f30a340ea2b7,72d63683-9cc9-40da-9394-b2557edacb91,,a0f171e1-86df-426a-8922-e460c0660ae6,2025-07-25 18:24:00,2025-07-26 13:44:00,2025-07-25 17:40:00,2025-07-25 17:36:00,2025-07-26 14:00:00,2025-07-26 13:52:00
2025-07-27,UAL,991,BCN,IAD,1,E77,Main,14,False,,2025-07-27T11:15,2025-07-27T11:57,2025-07-27T12:27,2025-07-27T12:19,2025-07-27T14:25,2025-07-27T14:22,2025-07-27T14:00,2025-07-27T14:37,Boeing 787-10,N91007,,60F,AISLE,ECONOMY,CREW,,114a4472-64a6-45e5-bead-44dd11f90fbb,b57b4c86-4724-48f1-80be-d7de4036004a,72d63683-9cc9-40da-9394-b2557edacb91,519696f5-bda6-457c-ae4c-dd1cb07e20de,,7ee6dd4c-86a8-412a-8fd3-9dc79c771bc9,2025-07-27 12:19:00,2025-07-27 14:22:00,2025-07-27 11:15:00,2025-07-27 11:57:00,2025-07-27 14:00:00,2025-07-27 14:37:00
2025-07-28,UAL,1741,RIC,ORD,Main,B1,1,C18A,False,,2025-07-28T06:25,2025-07-28T06:40,2025-07-28T06:35,2025-07-28T06:53,2025-07-28T07:31,2025-07-28T07:38,2025-07-28T07:41,2025-07-28T08:17,Airbus A320,N460UA,,34F,WINDOW,ECONOMY,,,84c17602-5bb6-45e9-9327-c0f92a194fa4,b57b4c86-4724-48f1-80be-d7de4036004a,251bd012-ff1b-4fd6-aa7f-c7b9112eddad,a5eff314-18e7-4c87-bd38-0131882f1b8d,,dd390a1f-e92a-4411-ab72-04db16d42030,2025-07-28 06:53:00,2025-07-28 07:38:00,2025-07-28 06:25:00,2025-07-28 06:40:00,2025-07-28 07:41:00,2025-07-28 08:17:00
2025-08-05,UAL,2243,ORD,RIC,1,C7,Main,B1,False,,2025-08-05T18:20,2025-08-05T18:17,2025-08-05T18:30,2025-08-05T19:04,2025-08-05T21:20,2025-08-05T21:33,2025-08-05T21:30,2025-08-05T21:41,Boeing 737-700,N17753,,21F,,PREMIUM_ECONOMY,CREW,,4cff115a-7b5e-4f07-bc43-71034595e9af,b57b4c86-4724-48f1-80be-d7de4036004a,a5eff314-18e7-4c87-bd38-0131882f1b8d,251bd012-ff1b-4fd6-aa7f-c7b9112eddad,,886c3a0c-c7a3-4205-982f-35cddc765ae1,2025-08-05 19:04:00,2025-08-05 21:33:00,2025-08-05 18:20:00,2025-08-05 18:17:00,2025-08-05 21:30:00,2025-08-05 21:41:00
2025-08-06,UAL,1741,RIC,ORD,Main,B1,3,G6,False,,2025-08-06T06:25,2025-08-06T06:16,2025-08-06T06:35,2025-08-06T06:28,2025-08-06T07:31,2025-08-06T07:03,2025-08-06T07:41,2025-08-06T07:15,Boeing 737-700,N17753,,7A,WINDOW,PREMIUM_ECONOMY,CREW,,781c38b7-ad31-4992-882c-7feb523a2562,b57b4c86-4724-48f1-80be-d7de4036004a,251bd012-ff1b-4fd6-aa7f-c7b9112eddad,a5eff314-18e7-4c87-bd38-0131882f1b8d,,886c3a0c-c7a3-4205-982f-35cddc765ae1,2025-08-06 06:28:00,2025-08-06 07:03:00,2025-08-06 06:25:00,2025-08-06 06:16:00,2025-08-06 07:41:00,2025-08-06 07:15:00
2025-08-08,UAL,909,ORD,AMS,1,C18,3,G9,False,,2025-08-08T18:15,2025-08-08T18:50,2025-08-08T18:25,2025-08-08T19:23,2025-08-09T09:10,2025-08-09T09:27,2025-08-09T09:20,2025-08-09T09:39,Boeing 787-8,N30913,,38C,AISLE,ECONOMY,CREW,,31acb190-87aa-40ac-9bdc-c3121bf84d43,b57b4c86-4724-48f1-80be-d7de4036004a,a5eff314-18e7-4c87-bd38-0131882f1b8d,f671c076-61b7-4572-8abb-359aaadaafd4,,4f948d40-962a-4fdf-b1d9-424282d24f76,2025-08-08 19:23:00,2025-08-09 09:27:00,2025-08-08 18:15:00,2025-08-08 18:50:00,2025-08-09 09:20:00,2025-08-09 09:39:00
2025-08-10,UAL,908,AMS,ORD,3,G9,5,M14,False,,2025-08-10T12:00,2025-08-10T20:25,2025-08-10T12:10,2025-08-10T20:48,2025-08-10T13:35,2025-08-10T21:41,2025-08-10T13:45,2025-08-10T22:00,Boeing 787-9,N29985,,21C,AISLE,BUSINESS,CREW,,94a5cbe7-cc7d-458c-9160-0cacd542fdca,b57b4c86-4724-48f1-80be-d7de4036004a,f671c076-61b7-4572-8abb-359aaadaafd4,a5eff314-18e7-4c87-bd38-0131882f1b8d,,c4910e5e-2c05-4d17-bc08-fa0c8c0b77d9,2025-08-10 20:48:00,2025-08-10 21:41:00,2025-08-10 12:00:00,2025-08-10 20:25:00,2025-08-10 13:45:00,2025-08-10 22:00:00
2025-08-15,UAL,1156,ORD,MSY,1,C27,Main,A5,False,,2025-08-15T20:00,2025-08-15T20:04,2025-08-15T20:10,2025-08-15T20:59,2025-08-15T22:20,2025-08-15T22:51,2025-08-15T22:30,2025-08-15T22:55,Boeing 737-900ER,N63820,,20F,AISLE,ECONOMY,CREW,,e56fa3c1-d022-49c9-a817-8d515fbe3a02,b57b4c86-4724-48f1-80be-d7de4036004a,a5eff314-18e7-4c87-bd38-0131882f1b8d,f874b6f5-ac69-41f2-8cf4-76cf1a1aca9c,,24012541-435d-4a27-af8a-4791336f1965,2025-08-15 20:59:00,2025-08-15 22:51:00,2025-08-15 20:00:00,2025-08-15 20:04:00,2025-08-15 22:30:00,2025-08-15 22:55:00
2025-08-17,UAL,1752,MSY,EWR,Main,C5,C,95,False,,2025-08-17T06:01,2025-08-17T05:53,2025-08-17T06:11,2025-08-17T06:10,2025-08-17T09:50,2025-08-17T09:49,2025-08-17T10:00,2025-08-17T09:54,Boeing 737 MAX 8,N17362,,7D,AISLE,PREMIUM_ECONOMY,CREW,,c5b8e6d7-4f70-421c-8d0c-27656b111622,b57b4c86-4724-48f1-80be-d7de4036004a,f874b6f5-ac69-41f2-8cf4-76cf1a1aca9c,4427d229-a1e2-4955-81fa-9b5c0f103f12,,5ee1c1db-bf8c-475a-99b0-262bbc7a50b2,2025-08-17 06:10:00,2025-08-17 09:49:00,2025-08-17 06:01:00,2025-08-17 05:53:00,2025-08-17 10:00:00,2025-08-17 09:54:00
2025-08-17,DAL,2864,EWR,MSP,A,A6,1,C6,False,,2025-08-17T12:27,2025-08-17T12:20,2025-08-17T12:37,2025-08-17T12:40,2025-08-17T14:12,2025-08-17T14:03,2025-08-17T14:22,2025-08-17T14:09,Boeing 717-200,N934AT,,17A,WINDOW,ECONOMY,CREW,,0dffdf96-332a-490b-a153-956e861ca383,a8765091-d043-44b1-936c-d217bb519e56,4427d229-a1e2-4955-81fa-9b5c0f103f12,e6471588-a4ac-43ed-85de-adb08f1c3410,,92a68bee-2e3c-4fc9-975a-20b0d93ac3ed,2025-08-17 12:40:00,2025-08-17 14:03:00,2025-08-17 12:27:00,2025-08-17 12:20:00,2025-08-17 14:22:00,2025-08-17 14:09:00
2025-08-17,DAL,1306,MSP,ORD,1,F16,5,M10,False,,2025-08-17T15:30,2025-08-17T15:26,2025-08-17T15:40,2025-08-17T15:44,2025-08-17T16:53,2025-08-17T16:41,2025-08-17T17:03,2025-08-17T17:02,Airbus A220-300,N311DU,,33E,WINDOW,ECONOMY,CREW,,77d18f96-d08e-4dca-b005-b2abaa041102,a8765091-d043-44b1-936c-d217bb519e56,e6471588-a4ac-43ed-85de-adb08f1c3410,a5eff314-18e7-4c87-bd38-0131882f1b8d,,c6158951-56ef-48ec-b8ae-5f7e9c0c24c0,2025-08-17 15:44:00,2025-08-17 16:41:00,2025-08-17 15:30:00,2025-08-17 15:26:00,2025-08-17 17:03:00,2025-08-17 17:02:00
2025-08-19,UAL,2243,ORD,RIC,2,E16,Main,B1,False,,2025-08-19T18:30,2025-08-19T18:24,2025-08-19T18:40,2025-08-19T19:17,2025-08-19T21:36,2025-08-19T21:48,2025-08-19T21:46,2025-08-19T21:53,Boeing 737-900ER,N28457,,11E,AISLE,PREMIUM_ECONOMY,CREW,,9e4ee990-f657-4daf-abe3-1fe36a17205a,b57b4c86-4724-48f1-80be-d7de4036004a,a5eff314-18e7-4c87-bd38-0131882f1b8d,251bd012-ff1b-4fd6-aa7f-c7b9112eddad,,24012541-435d-4a27-af8a-4791336f1965,2025-08-19 19:17:00,2025-08-19 21:48:00,2025-08-19 18:30:00,2025-08-19 18:24:00,2025-08-19 21:46:00,2025-08-19 21:53:00
2025-08-20,UAL,695,RIC,ORD,Main,B1,1,B17,False,,2025-08-20T06:15,2025-08-20T06:06,2025-08-20T06:25,2025-08-20T06:18,2025-08-20T07:20,2025-08-20T06:55,2025-08-20T07:30,2025-08-20T07:05,Boeing 737-900ER,N28457,,11A,WINDOW,PREMIUM_ECONOMY,CREW,,52b6ae6f-6094-4e06-bce0-4a980bf6c48a,b57b4c86-4724-48f1-80be-d7de4036004a,251bd012-ff1b-4fd6-aa7f-c7b9112eddad,a5eff314-18e7-4c87-bd38-0131882f1b8d,,24012541-435d-4a27-af8a-4791336f1965,2025-08-20 06:18:00,2025-08-20 06:55:00,2025-08-20 06:15:00,2025-08-20 06:06:00,2025-08-20 07:30:00,2025-08-20 07:05:00
2025-08-22,UAL,2243,ORD,RIC,1,C1,Main,B1,False,,2025-08-22T18:30,2025-08-22T18:27,2025-08-22T18:40,2025-08-22T19:02,2025-08-22T21:36,2025-08-22T21:37,2025-08-22T21:46,2025-08-22T21:42,Boeing 737-800,N14240,,14A,WINDOW,PREMIUM_ECONOMY,CREW,"Last flight of my internship, Summer 2025!",b092eeca-17fa-4596-b889-da953c2ff935,b57b4c86-4724-48f1-80be-d7de4036004a,a5eff314-18e7-4c87-bd38-0131882f1b8d,251bd012-ff1b-4fd6-aa7f-c7b9112eddad,,8ad8530e-acd0-42bf-abc5-1e70c4a076bf,2025-08-22 19:02:00,2025-08-22 21:37:00,2025-08-22 18:30:00,2025-08-22 18:27:00,2025-08-22 21:46:00,2025-08-22 21:42:00
2025-08-31,DAL,3230,RIC,DTW,Main,B13,M,A8,False,,2025-08-31T06:00,2025-08-31T05:54,2025-08-31T06:10,2025-08-31T06:06,2025-08-31T07:37,2025-08-31T07:21,2025-08-31T07:47,2025-08-31T07:29,Airbus A319,N323NB,F72WDB,1C,AISLE,FIRST,CREW,,3662a1bd-71cb-44e5-b31c-25cf26d88151,a8765091-d043-44b1-936c-d217bb519e56,251bd012-ff1b-4fd6-aa7f-c7b9112eddad,8eee2bc8-dcbf-4b7b-a221-e38cce7c823a,,fb8254ff-1d83-4fe1-a147-882c217dfcbe,2025-08-31 06:06:00,2025-08-31 07:21:00,2025-08-31 06:00:00,2025-08-31 05:54:00,2025-08-31 07:47:00,2025-08-31 07:29:00
2025-08-31,DAL,3858,DTW,MDW,M,B15,Main,A7,False,,2025-08-31T08:25,2025-08-31T08:19,2025-08-31T08:35,2025-08-31T08:37,2025-08-31T08:25,2025-08-31T08:22,2025-08-31T08:35,2025-08-31T08:27,Embraer 175,N250SY,F72WDB,02D,WINDOW,FIRST,CREW,,f4ca4c6f-20f9-4e48-8eab-3ceeab410fb5,a8765091-d043-44b1-936c-d217bb519e56,8eee2bc8-dcbf-4b7b-a221-e38cce7c823a,b1bccd34-3f11-416a-998f-65cc527ca2a0,,36728d5b-40cd-46ec-93ba-8822376b565d,2025-08-31 08:37:00,2025-08-31 08:22:00,2025-08-31 08:25:00,2025-08-31 08:19:00,2025-08-31 08:35:00,2025-08-31 08:27:00
2025-08-31,DAL,1477,ORD,ATL,5,M8,S,B26,False,,2025-08-31T15:30,2025-08-31T15:28,2025-08-31T15:40,2025-08-31T15:43,2025-08-31T18:39,2025-08-31T18:05,2025-08-31T18:49,2025-08-31T18:11,Boeing 737-900ER,N817DN,,34E,MIDDLE,ECONOMY,CREW,,27d1f25a-d0c5-44ef-880e-be891e397584,a8765091-d043-44b1-936c-d217bb519e56,a5eff314-18e7-4c87-bd38-0131882f1b8d,6f0c1d11-cfef-4b33-b462-90379270f593,,24012541-435d-4a27-af8a-4791336f1965,2025-08-31 15:43:00,2025-08-31 18:05:00,2025-08-31 15:30:00,2025-08-31 15:28:00,2025-08-31 18:49:00,2025-08-31 18:11:00
2025-08-31,DAL,2881,ATL,MCO,S,E4,B,74,False,,2025-08-31T19:20,2025-08-31T19:17,2025-08-31T19:30,2025-08-31T19:28,2025-08-31T20:43,2025-08-31T20:25,2025-08-31T20:53,2025-08-31T20:41,Boeing 757-200,N678DL,,28A,WINDOW,ECONOMY,CREW,,3fa28520-b02f-4388-937e-519776927769,a8765091-d043-44b1-936c-d217bb519e56,6f0c1d11-cfef-4b33-b462-90379270f593,85570a14-2373-4bad-a7b5-b3a9a7fdce90,,2c3a4012-9fb9-44fc-9a71-0b6cb336042e,2025-08-31 19:28:00,2025-08-31 20:25:00,2025-08-31 19:20:00,2025-08-31 19:17:00,2025-08-31 20:53:00,2025-08-31 20:41:00
2025-09-22,DAL,2693,MCO,JFK,B,72,4,B32,False,,2025-09-22T06:00,2025-09-22T05:55,2025-09-22T06:10,2025-09-22T06:14,2025-09-22T08:29,2025-09-22T08:14,2025-09-22T08:39,2025-09-22T08:25,Airbus A321,N369DN,,10A,WINDOW,PREMIUM_ECONOMY,CREW,,f46a185b-1728-4356-a9d5-cff978d6469e,a8765091-d043-44b1-936c-d217bb519e56,85570a14-2373-4bad-a7b5-b3a9a7fdce90,fc332185-4dde-4791-b449-0de5e83e47b9,,5904cdc2-eccf-41fe-8345-e82a51d3269c,2025-09-22 06:14:00,2025-09-22 08:14:00,2025-09-22 06:00:00,2025-09-22 05:55:00,2025-09-22 08:39:00,2025-09-22 08:25:00
2025-09-22,DAL,5360,LGA,RIC,C,78,Main,B10,False,,2025-09-22T17:16,2025-09-22T17:09,2025-09-22T17:26,2025-09-22T17:36,2025-09-22T18:45,2025-09-22T18:33,2025-09-22T18:55,2025-09-22T18:48,Bombardier CRJ900 ,N491PX,,,,,,,71a67e03-3046-4602-a01c-f15ba78a3716,a8765091-d043-44b1-936c-d217bb519e56,dfeb8457-3376-49f8-b542-dbeb2ec9f719,251bd012-ff1b-4fd6-aa7f-c7b9112eddad,,8a4bd3f7-3aac-4e32-8a52-07e5525b36e3,2025-09-22 17:36:00,2025-09-22 18:33:00,2025-09-22 17:16:00,2025-09-22 17:09:00,2025-09-22 18:55:00,2025-09-22 18:48:00
2025-09-26,SWA,2282,RIC,MDW,Main,B7,Main,B24,False,,2025-09-26T16:25,2025-09-26T16:47,2025-09-26T16:35,2025-09-26T16:57,2025-09-26T17:15,2025-09-26T17:20,2025-09-26T17:25,2025-09-26T17:27,Boeing 737-700,N7835A,,2D,AISLE,ECONOMY,CREW,,7723d8d3-373e-4978-a11a-fb5314778b80,be4c4286-2c02-4dca-86d4-56e19aa348f7,251bd012-ff1b-4fd6-aa7f-c7b9112eddad,b1bccd34-3f11-416a-998f-65cc527ca2a0,,886c3a0c-c7a3-4205-982f-35cddc765ae1,2025-09-26 16:57:00,2025-09-26 17:20:00,2025-09-26 16:25:00,2025-09-26 16:47:00,2025-09-26 17:25:00,2025-09-26 17:27:00
2025-10-04,SWA,3998,MDW,RIC,Main,B21,Main,B9,False,,2025-10-04T09:45,2025-10-04T09:38,2025-10-04T09:55,2025-10-04T09:45,2025-10-04T12:25,2025-10-04T12:17,2025-10-04T12:35,2025-10-04T12:23,Boeing 737-700,N946WN,,4D,AISLE,ECONOMY,CREW,,300e3be4-e8b8-4ef1-9b11-91d5bd59ec8f,be4c4286-2c02-4dca-86d4-56e19aa348f7,b1bccd34-3f11-416a-998f-65cc527ca2a0,251bd012-ff1b-4fd6-aa7f-c7b9112eddad,,886c3a0c-c7a3-4205-982f-35cddc765ae1,2025-10-04 09:45:00,2025-10-04 12:17:00,2025-10-04 09:45:00,2025-10-04 09:38:00,2025-10-04 12:35:00,2025-10-04 12:23:00
2025-10-05,DAL,3230,RIC,DTW,Main,B13,M,A55,False,,2025-10-05T06:00,2025-10-05T05:50,2025-10-05T06:10,2025-10-05T06:06,2025-10-05T07:37,2025-10-05T07:18,2025-10-05T07:47,2025-10-05T07:32,Airbus A319,N318NB,,14A,WINDOW,ECONOMY,CREW,,87d025af-bcb5-4a48-b752-e491a3303b61,a8765091-d043-44b1-936c-d217bb519e56,251bd012-ff1b-4fd6-aa7f-c7b9112eddad,8eee2bc8-dcbf-4b7b-a221-e38cce7c823a,,fb8254ff-1d83-4fe1-a147-882c217dfcbe,2025-10-05 06:06:00,2025-10-05 07:18:00,2025-10-05 06:00:00,2025-10-05 05:50:00,2025-10-05 07:47:00,2025-10-05 07:32:00
2025-10-05,DAL,3858,DTW,MDW,M,B15,Main,A5,False,,2025-10-05T08:25,2025-10-05T08:24,2025-10-05T08:35,2025-10-05T08:45,2025-10-05T08:30,2025-10-05T08:31,2025-10-05T08:40,2025-10-05T08:36,Embraer 175,N603CZ,,7B,AISLE,PREMIUM_ECONOMY,CREW,,9c970240-c37a-4d84-a727-f85e25795ecf,a8765091-d043-44b1-936c-d217bb519e56,8eee2bc8-dcbf-4b7b-a221-e38cce7c823a,b1bccd34-3f11-416a-998f-65cc527ca2a0,,36728d5b-40cd-46ec-93ba-8822376b565d,2025-10-05 08:45:00,2025-10-05 08:31:00,2025-10-05 08:25:00,2025-10-05 08:24:00,2025-10-05 08:40:00,2025-10-05 08:36:00
2025-10-10,DAL,1477,ORD,ATL,5,M11,S,D32,False,,2025-10-10T16:05,2025-10-10T15:59,2025-10-10T16:15,2025-10-10T17:25,2025-10-10T19:00,2025-10-10T19:49,2025-10-10T19:10,2025-10-10T20:00,Boeing 737-800,N3750D,HOT74A,20B,MIDDLE,ECONOMY,CREW,"One of the most uncomfortable seats I’ve been in

ATL tower evacuated due to gas leak, we were sitting at deicing pad for an hour while the tower was closed",09cd27cd-b036-4d77-bdc8-8da42dfd2102,a8765091-d043-44b1-936c-d217bb519e56,a5eff314-18e7-4c87-bd38-0131882f1b8d,6f0c1d11-cfef-4b33-b462-90379270f593,,8ad8530e-acd0-42bf-abc5-1e70c4a076bf,2025-10-10 17:25:00,2025-10-10 19:49:00,2025-10-10 16:05:00,2025-10-10 15:59:00,2025-10-10 19:10:00,2025-10-10 20:00:00
2025-10-10,DAL,3166,ATL,RIC,S,A1,Main,B15,False,,2025-10-10T19:48,2025-10-10T21:32,2025-10-10T19:58,2025-10-10T21:54,2025-10-10T21:11,2025-10-10T22:58,2025-10-10T21:21,2025-10-10T23:03,Boeing 757-200,N6701,HOT74A,26D,AISLE,ECONOMY,CREW,,d004927e-8f02-4f34-95c7-1b2afe45c13f,a8765091-d043-44b1-936c-d217bb519e56,6f0c1d11-cfef-4b33-b462-90379270f593,251bd012-ff1b-4fd6-aa7f-c7b9112eddad,,2c3a4012-9fb9-44fc-9a71-0b6cb336042e,2025-10-10 21:54:00,2025-10-10 22:58:00,2025-10-10 19:48:00,2025-10-10 21:32:00,2025-10-10 21:21:00,2025-10-10 23:03:00
2025-10-13,DAL,3230,RIC,DTW,Main,B13,M,A17,False,,2025-10-13T06:00,2025-10-13T05:52,2025-10-13T06:10,2025-10-13T06:06,2025-10-13T07:41,2025-10-13T07:19,2025-10-13T07:51,2025-10-13T07:25,Airbus A319,N323NB,,13B,MIDDLE,PREMIUM_ECONOMY,CREW,,ac0c4288-c745-44e1-9524-a9b5e38aed8e,a8765091-d043-44b1-936c-d217bb519e56,251bd012-ff1b-4fd6-aa7f-c7b9112eddad,8eee2bc8-dcbf-4b7b-a221-e38cce7c823a,,fb8254ff-1d83-4fe1-a147-882c217dfcbe,2025-10-13 06:06:00,2025-10-13 07:19:00,2025-10-13 06:00:00,2025-10-13 05:52:00,2025-10-13 07:51:00,2025-10-13 07:25:00
2025-10-13,DAL,3858,DTW,MDW,M,B15,Main,A5,False,,2025-10-13T08:25,2025-10-13T08:20,2025-10-13T08:35,2025-10-13T08:56,2025-10-13T08:30,2025-10-13T08:42,2025-10-13T08:40,2025-10-13T08:46,Embraer 175,N317SY,,10A,WINDOW,ECONOMY,CREW,,544049f0-776a-4e8a-a031-f4f8c8a5ba18,a8765091-d043-44b1-936c-d217bb519e56,8eee2bc8-dcbf-4b7b-a221-e38cce7c823a,b1bccd34-3f11-416a-998f-65cc527ca2a0,,36728d5b-40cd-46ec-93ba-8822376b565d,2025-10-13 08:56:00,2025-10-13 08:42:00,2025-10-13 08:25:00,2025-10-13 08:20:00,2025-10-13 08:40:00,2025-10-13 08:46:00
2025-10-30,DAL,1533,ORD,MSP,5,M11,1,C4,False,,2025-10-30T15:50,2025-10-30T17:48,2025-10-30T16:00,2025-10-30T18:06,2025-10-30T17:16,2025-10-30T19:01,2025-10-30T17:26,2025-10-30T19:07,Airbus A220-100,N128DU,,28A,WINDOW,ECONOMY,CREW,,a40bb11f-99b8-41b6-a95a-924136dfb9ec,a8765091-d043-44b1-936c-d217bb519e56,a5eff314-18e7-4c87-bd38-0131882f1b8d,e6471588-a4ac-43ed-85de-adb08f1c3410,,08f3690a-67fe-4be4-8138-cc20b688f722,2025-10-30 18:06:00,2025-10-30 19:01:00,2025-10-30 15:50:00,2025-10-30 17:48:00,2025-10-30 17:26:00,2025-10-30 19:07:00
2025-10-30,DAL,5530,MSP,RIC,1,A12,Main,B10,False,,2025-10-30T20:05,2025-10-30T20:00,2025-10-30T20:15,2025-10-30T20:21,2025-10-30T23:33,2025-10-30T23:19,2025-10-30T23:43,2025-10-30T23:35,Bombardier CRJ900 ,N348PQ,HBEPBT,5C,,PREMIUM_ECONOMY,CREW,,e366b224-055c-430b-aa7b-ddeddc9e2875,a8765091-d043-44b1-936c-d217bb519e56,e6471588-a4ac-43ed-85de-adb08f1c3410,251bd012-ff1b-4fd6-aa7f-c7b9112eddad,,8a4bd3f7-3aac-4e32-8a52-07e5525b36e3,2025-10-30 20:21:00,2025-10-30 23:19:00,2025-10-30 20:05:00,2025-10-30 20:00:00,2025-10-30 23:43:00,2025-10-30 23:35:00
2025-11-02,SWA,2069,RIC,MDW,Main,B9,Main,A4B,False,,2025-11-02T16:50,2025-11-02T17:16,2025-11-02T17:00,2025-11-02T17:27,2025-11-02T17:45,2025-11-02T18:03,2025-11-02T17:55,2025-11-02T18:10,Boeing 737 MAX 8,N8962L,,9F,AISLE,ECONOMY,CREW,First flight with FREE WIFI on Southwest AND new interior! still open seating,e80bc7d6-6eaf-435e-8469-2cfc22f5a079,be4c4286-2c02-4dca-86d4-56e19aa348f7,251bd012-ff1b-4fd6-aa7f-c7b9112eddad,b1bccd34-3f11-416a-998f-65cc527ca2a0,,5ee1c1db-bf8c-475a-99b0-262bbc7a50b2,2025-11-02 17:27:00,2025-11-02 18:03:00,2025-11-02 16:50:00,2025-11-02 17:16:00,2025-11-02 17:55:00,2025-11-02 18:10:00
2025-11-14,DAL,2400,MDW,ATL,Main,A5,S,T1,False,,2025-11-14T06:00,2025-11-14T05:51,2025-11-14T06:10,2025-11-14T06:04,2025-11-14T08:50,2025-11-14T08:23,2025-11-14T09:00,2025-11-14T08:29,Airbus A320,N343NW,HUV35O,12B,MIDDLE,PREMIUM_ECONOMY,CREW,,17d77103-c520-4531-92ee-cf944d1323c9,a8765091-d043-44b1-936c-d217bb519e56,b1bccd34-3f11-416a-998f-65cc527ca2a0,6f0c1d11-cfef-4b33-b462-90379270f593,,dd390a1f-e92a-4411-ab72-04db16d42030,2025-11-14 06:04:00,2025-11-14 08:23:00,2025-11-14 06:00:00,2025-11-14 05:51:00,2025-11-14 09:00:00,2025-11-14 08:29:00
2025-11-14,DAL,2650,ATL,RIC,S,B4,Main,B14,False,,2025-11-14T09:49,2025-11-14T09:45,2025-11-14T09:59,2025-11-14T10:01,2025-11-14T11:12,2025-11-14T11:10,2025-11-14T11:22,2025-11-14T11:16,Boeing 737-900ER,N906DN,HUV35O,36 A,WINDOW,ECONOMY,CREW,,6b06851b-ba20-45cd-b4cf-37f344680529,a8765091-d043-44b1-936c-d217bb519e56,6f0c1d11-cfef-4b33-b462-90379270f593,251bd012-ff1b-4fd6-aa7f-c7b9112eddad,,24012541-435d-4a27-af8a-4791336f1965,2025-11-14 10:01:00,2025-11-14 11:10:00,2025-11-14 09:49:00,2025-11-14 09:45:00,2025-11-14 11:22:00,2025-11-14 11:16:00
2025-11-17,DAL,1402,RIC,ATL,Main,B15,S,E7,False,,2025-11-17T06:20,2025-11-17T06:12,2025-11-17T06:30,2025-11-17T06:22,2025-11-17T08:10,2025-11-17T07:35,2025-11-17T08:20,2025-11-17T07:41,Boeing 757-200,N6713Y,,19B,MIDDLE,PREMIUM_ECONOMY,CREW,,33346b2b-e18c-421e-ac6a-6320da9a2362,a8765091-d043-44b1-936c-d217bb519e56,251bd012-ff1b-4fd6-aa7f-c7b9112eddad,6f0c1d11-cfef-4b33-b462-90379270f593,,2c3a4012-9fb9-44fc-9a71-0b6cb336042e,2025-11-17 06:22:00,2025-11-17 07:35:00,2025-11-17 06:20:00,2025-11-17 06:12:00,2025-11-17 08:20:00,2025-11-17 07:41:00
2025-11-17,DAL,1063,ATL,MDW,S,A15,Main,A5,False,,2025-11-17T08:55,2025-11-17T08:47,2025-11-17T09:05,2025-11-17T08:59,2025-11-17T09:42,2025-11-17T09:28,2025-11-17T09:52,2025-11-17T09:34,Airbus A319,N323NB,,16E,,ECONOMY,CREW,,2e2d1465-6189-4b37-b539-af562a831653,a8765091-d043-44b1-936c-d217bb519e56,6f0c1d11-cfef-4b33-b462-90379270f593,b1bccd34-3f11-416a-998f-65cc527ca2a0,,fb8254ff-1d83-4fe1-a147-882c217dfcbe,2025-11-17 08:59:00,2025-11-17 09:28:00,2025-11-17 08:55:00,2025-11-17 08:47:00,2025-11-17 09:52:00,2025-11-17 09:34:00
2025-11-21,SWA,3769,MDW,RIC,Main,B7,Main,B9,False,,2025-11-21T09:35,2025-11-21T09:35,2025-11-21T09:45,2025-11-21T09:55,2025-11-21T12:20,2025-11-21T12:16,2025-11-21T12:30,2025-11-21T12:23,Boeing 737 MAX 8,N8947Q,,1F,WINDOW,ECONOMY,CREW,,a703d971-78e8-4d23-80b8-e3e0a9b785d1,be4c4286-2c02-4dca-86d4-56e19aa348f7,b1bccd34-3f11-416a-998f-65cc527ca2a0,251bd012-ff1b-4fd6-aa7f-c7b9112eddad,,5ee1c1db-bf8c-475a-99b0-262bbc7a50b2,2025-11-21 09:55:00,2025-11-21 12:16:00,2025-11-21 09:35:00,2025-11-21 09:35:00,2025-11-21 12:30:00,2025-11-21 12:23:00
2025-11-24,DAL,2370,DCA,MCO,2,B18,B,75,False,,2025-11-24T06:59,2025-11-24T06:57,2025-11-24T07:09,2025-11-24T07:24,2025-11-24T09:11,2025-11-24T09:11,2025-11-24T09:21,2025-11-24T09:21,Airbus A319,N321NB,HST7NU,15C,AISLE,ECONOMY,CREW,,c696bb61-f5bf-4874-9be2-f2312c813db8,a8765091-d043-44b1-936c-d217bb519e56,be38c6f9-3dd7-41e2-baf8-929dbd2b54f3,85570a14-2373-4bad-a7b5-b3a9a7fdce90,,fb8254ff-1d83-4fe1-a147-882c217dfcbe,2025-11-24 07:24:00,2025-11-24 09:11:00,2025-11-24 06:59:00,2025-11-24 06:57:00,2025-11-24 09:21:00,2025-11-24 09:21:00
2025-11-29,SWA,3625,MCO,ORD,A,129,5,M2,False,,2025-11-29T19:45,2025-11-29T21:29,2025-11-29T19:55,2025-11-29T21:45,2025-11-29T21:40,2025-11-29T23:20,2025-11-29T21:50,2025-11-29T23:28,Boeing 737-700,N570WN,,1E,MIDDLE,ECONOMY,CREW,Snowstorm!!,26c07494-4554-4326-8934-986ee1d0bea0,be4c4286-2c02-4dca-86d4-56e19aa348f7,85570a14-2373-4bad-a7b5-b3a9a7fdce90,a5eff314-18e7-4c87-bd38-0131882f1b8d,,886c3a0c-c7a3-4205-982f-35cddc765ae1,2025-11-29 21:45:00,2025-11-29 23:20:00,2025-11-29 19:45:00,2025-11-29 21:29:00,2025-11-29 21:50:00,2025-11-29 23:28:00
2025-12-16,DAL,2738,ORD,ATL,5,M8,S,D12,False,,2025-12-16T18:10,2025-12-16T18:07,2025-12-16T18:20,2025-12-16T18:31,2025-12-16T21:14,2025-12-16T20:57,2025-12-16T21:24,2025-12-16T21:14,Airbus A321,N311DN,,19A,WINDOW,ECONOMY,CREW,,d1487cf5-410e-42f6-b60b-4cc0ef453e5c,a8765091-d043-44b1-936c-d217bb519e56,a5eff314-18e7-4c87-bd38-0131882f1b8d,6f0c1d11-cfef-4b33-b462-90379270f593,,5904cdc2-eccf-41fe-8345-e82a51d3269c,2025-12-16 18:31:00,2025-12-16 20:57:00,2025-12-16 18:10:00,2025-12-16 18:07:00,2025-12-16 21:24:00,2025-12-16 21:14:00
2025-12-16,DAL,1162,ATL,MCO,S,B9,B,72,False,,2025-12-16T22:20,2025-12-16T22:13,2025-12-16T22:30,2025-12-16T22:25,2025-12-16T23:37,2025-12-16T23:25,2025-12-16T23:47,2025-12-16T23:33,Boeing 757-200,N6713Y,,15F,WINDOW,PREMIUM_ECONOMY,CREW,,37c7a255-96d6-49c0-b8e0-f966bbc55c18,a8765091-d043-44b1-936c-d217bb519e56,6f0c1d11-cfef-4b33-b462-90379270f593,85570a14-2373-4bad-a7b5-b3a9a7fdce90,,2c3a4012-9fb9-44fc-9a71-0b6cb336042e,2025-12-16 22:25:00,2025-12-16 23:25:00,2025-12-16 22:20:00,2025-12-16 22:13:00,2025-12-16 23:47:00,2025-12-16 23:33:00
