Date,Airline,Flight,From,To,Dep Terminal,Dep Gate,Arr Terminal,Arr Gate,Canceled,Diverted To,Gate Departure (Scheduled),Gate Departure (Actual),Take off (Scheduled),Take off (Actual),Landing (Scheduled),Landing (Actual),Gate Arrival (Scheduled),Gate Arrival (Actual),Aircraft Type Name,Tail Number,PNR,Seat,Seat Type,Cabin Class,Flight Reason,Notes,Flight Flighty ID,Airline Flighty ID,Departure Airport Flighty ID,Arrival Airport Flighty ID,Diverted To Airport Flighty ID,Aircraft Type Flighty ID
2015-06-03,DAL,1474,CLE,ATL,Main,B2,S,D16,false,,2015-06-03T12:52,2015-06-03T12:46,2015-06-03T12:59,2015-06-03T12:58,2015-06-03T14:21,2015-06-03T14:30,2015-06-03T14:42,2015-06-03T14:39,,,,,,,,,31f12a2a-eabd-4e5d-a160-e5de090c08c7,a8765091-d043-44b1-936c-d217bb519e56,c3e92536-273d-40e5-8464-45836fa4a427,6f0c1d11-cfef-4b33-b462-90379270f593,,
2015-06-03,DAL,897,ATL,MCO,S,A2,B,72,false,,2015-06-03T15:05,2015-06-03T15:15,2015-06-03T15:37,2015-06-03T15:36,2015-06-03T16:23,2015-06-03T16:35,2015-06-03T16:37,2015-06-03T16:41,Boeing 757-300,N583NW,,,,,,,da4fd449-d1bc-4209-8479-050aaa18b667,a8765091-d043-44b1-936c-d217bb519e56,6f0c1d11-cfef-4b33-b462-90379270f593,85570a14-2373-4bad-a7b5-b3a9a7fdce90,,0e3e6575-bd45-480c-bd83-360ac9fc02d2
2015-10-23,DAL,2601,MCO,JFK,B,77,4,B30,false,,2015-10-23T19:49,2015-10-23T19:45,2015-10-23T19:56,2015-10-23T19:56,2015-10-23T22:05,2015-10-23T22:04,2015-10-23T22:29,2015-10-23T22:16,,,,,,,,,cbbe3029-5f9b-4376-a1a3-f6f6afd43632,a8765091-d043-44b1-936c-d217bb519e56,85570a14-2373-4bad-a7b5-b3a9a7fdce90,fc332185-4dde-4791-b449-0de5e83e47b9,,
2015-10-25,DAL,2792,JFK,MCO,2,C61,B,78,false,,2015-10-25T11:30,2015-10-25T11:25,2015-10-25T11:47,2015-10-25T11:47,2015-10-25T14:01,2015-10-25T13:51,2015-10-25T14:15,2015-10-25T13:58,,,,,,,,,d0f85246-17a7-45d3-b59b-609a18da10c0,a8765091-d043-44b1-936c-d217bb519e56,fc332185-4dde-4791-b449-0de5e83e47b9,85570a14-2373-4bad-a7b5-b3a9a7fdce90,,
2017-06-27,DAL,218,MCO,JFK,B,76,4,B35,false,,2017-06-27T12:37,2017-06-27T12:37,2017-06-27T12:47,2017-06-27T12:49,2017-06-27T14:41,2017-06-27T14:46,2017-06-27T15:22,2017-06-27T14:54,Airbus A320,N344NW,,,,,,,2d8583df-f285-4130-9b57-c2e05a22b5d5,a8765091-d043-44b1-936c-d217bb519e56,85570a14-2373-4bad-a7b5-b3a9a7fdce90,fc332185-4dde-4791-b449-0de5e83e47b9,,dd390a1f-e92a-4411-ab72-04db16d42030
2017-06-27,DAL,2844,JFK,SJU,,,,,false,,2017-06-27T17:59,2017-06-27T18:09,,2017-06-27T18:47,2017-06-27T17:59,2017-06-27T17:59,2017-06-27T22:07,2017-06-27T22:09,Boeing 737-900ER,N812DN,,,,,,,c8ee973f-f1ae-4ff4-8db1-156c21fb0a75,a8765091-d043-44b1-936c-d217bb519e56,fc332185-4dde-4791-b449-0de5e83e47b9,1f1a1626-74d4-4ce1-b3db-9a365053202a,,24012541-435d-4a27-af8a-4791336f1965
2017-07-12,DAL,506,SJU,ATL,B,B10,S,A11,false,,2017-07-12T14:19,2017-07-12T14:20,2017-07-12T14:34,2017-07-12T14:30,2017-07-12T18:02,2017-07-12T17:40,2017-07-12T18:10,2017-07-12T17:46,Boeing 737-900ER,N847DN,,,,,,,a75700ff-32ef-4eac-9f23-9db0663cfb59,a8765091-d043-44b1-936c-d217bb519e56,1f1a1626-74d4-4ce1-b3db-9a365053202a,6f0c1d11-cfef-4b33-b462-90379270f593,,24012541-435d-4a27-af8a-4791336f1965
2017-07-12,DAL,2150,ATL,MCO,,,,,false,,2017-07-12T19:00,2017-07-12T18:59,,2017-07-12T19:11,2017-07-12T19:00,2017-07-12T19:00,2017-07-12T20:38,2017-07-12T20:33,Airbus A321,N319DN,,,,,,,7a532a9a-99fa-4b59-a004-d762620d7aca,a8765091-d043-44b1-936c-d217bb519e56,6f0c1d11-cfef-4b33-b462-90379270f593,85570a14-2373-4bad-a7b5-b3a9a7fdce90,,5904cdc2-eccf-41fe-8345-e82a51d3269c
2018-06-22,DAL,2200,MCO,ATL,,,,,false,,2018-06-22T05:20,2018-06-22T05:17,,2018-06-22T05:27,2018-06-22T05:20,2018-06-22T05:20,2018-06-22T06:37,2018-06-22T06:37,Airbus A321,N317DN,,,,,,,a19a92f7-fd9a-4233-886e-4fe9e7e8b149,a8765091-d043-44b1-936c-d217bb519e56,85570a14-2373-4bad-a7b5-b3a9a7fdce90,6f0c1d11-cfef-4b33-b462-90379270f593,,5904cdc2-eccf-41fe-8345-e82a51d3269c
2018-06-22,DAL,2638,ATL,DCA,,,Main,,false,,2018-06-22T07:25,2018-06-22T07:22,,2018-06-22T07:35,2018-06-22T07:25,2018-06-22T07:25,2018-06-22T09:11,2018-06-22T09:04,Airbus A321,N304DN,,,,,,,199feca8-5016-4e80-8765-ec341ae7ef4e,a8765091-d043-44b1-936c-d217bb519e56,6f0c1d11-cfef-4b33-b462-90379270f593,be38c6f9-3dd7-41e2-baf8-929dbd2b54f3,,5904cdc2-eccf-41fe-8345-e82a51d3269c
2018-06-23,DAL,5064,DCA,MCO,Main,,,,false,,2018-06-23T08:15,2018-06-23T08:11,,2018-06-23T08:27,2018-06-23T08:15,2018-06-23T08:15,2018-06-23T10:38,2018-06-23T10:36,"Bombardier CRJ900 ",N305PQ,,,,,,,274d4bc0-dff8-4acc-8acc-a69e21c0627d,a8765091-d043-44b1-936c-d217bb519e56,be38c6f9-3dd7-41e2-baf8-929dbd2b54f3,85570a14-2373-4bad-a7b5-b3a9a7fdce90,,8a4bd3f7-3aac-4e32-8a52-07e5525b36e3
2021-07-13,UAL,1517,MCO,EWR,,41,C,C105,false,,2021-07-13T09:00,2021-07-13T08:57,2021-07-13T09:10,2021-07-13T09:11:29,2021-07-13T11:33,2021-07-13T11:09,2021-07-13T11:43,2021-07-13T11:21,Boeing 737-900ER,N37437,,,,,,,cd6fb61b-bafd-412e-8e06-a22b6babf443,b57b4c86-4724-48f1-80be-d7de4036004a,85570a14-2373-4bad-a7b5-b3a9a7fdce90,4427d229-a1e2-4955-81fa-9b5c0f103f12,,24012541-435d-4a27-af8a-4791336f1965
2021-07-15,UAL,687,EWR,MCO,C,C96,,44,false,,2021-07-15T18:55,2021-07-15T18:52,2021-07-15T19:05,2021-07-15T19:13:55,2021-07-15T21:29,2021-07-15T21:15,2021-07-15T21:39,2021-07-15T21:21,Boeing 757-200,N17126,,,,,,,f24823a0-d228-4ff4-a71b-bd9e78852542,b57b4c86-4724-48f1-80be-d7de4036004a,4427d229-a1e2-4955-81fa-9b5c0f103f12,85570a14-2373-4bad-a7b5-b3a9a7fdce90,,2c3a4012-9fb9-44fc-9a71-0b6cb336042e
2021-12-16,DAL,2519,MCO,JFK,,73,2,C62,false,,2021-12-16T14:28,2021-12-16T14:27,2021-12-16T14:28,2021-12-16T14:42:22,2021-12-16T17:04,2021-12-16T16:51,2021-12-16T17:04,2021-12-16T17:03,Airbus A321,N370DN,,,,,,,40c49031-be14-4e93-8199-dc74d73c5bc7,a8765091-d043-44b1-936c-d217bb519e56,85570a14-2373-4bad-a7b5-b3a9a7fdce90,fc332185-4dde-4791-b449-0de5e83e47b9,,5904cdc2-eccf-41fe-8345-e82a51d3269c
2021-12-16,DAL,5422,JFK,ORD,4,B49,2,E16,false,,2021-12-16T19:30,2021-12-16T19:26,2021-12-16T19:30,2021-12-16T19:55:53,2021-12-16T21:29,2021-12-16T21:05:43,2021-12-16T21:29,2021-12-16T21:15,"Bombardier CRJ900 ",N909XJ,,,,,,,1df07ce1-82f0-4ad0-8448-105e17225b05,a8765091-d043-44b1-936c-d217bb519e56,fc332185-4dde-4791-b449-0de5e83e47b9,a5eff314-18e7-4c87-bd38-0131882f1b8d,,8a4bd3f7-3aac-4e32-8a52-07e5525b36e3
2022-08-18,AMX,441,MCO,MEX,A,90,2,P,false,,2022-08-18T12:49,2022-08-18T12:44,2022-08-18T12:59,2022-08-18T13:05:01,2022-08-18T15:15,2022-08-18T15:14:08,2022-08-18T15:25,2022-08-18T15:21,Boeing 737-800,XAAMG,,,,,,,2ab86d8f-4394-4992-980b-2e031f8afab7,7ea1f32b-1df8-4328-8c36-3473a8abea7c,85570a14-2373-4bad-a7b5-b3a9a7fdce90,52352c99-6347-4c4e-9472-3c8556ee037f,,8ad8530e-acd0-42bf-abc5-1e70c4a076bf
2022-08-22,AMX,436,MEX,MCO,2,,B,92,false,,2022-08-22T14:30,2022-08-22T14:57,2022-08-22T14:40,2022-08-22T15:18:09,2022-08-22T18:41,2022-08-22T19:10:13,2022-08-22T18:51,2022-08-22T19:25,Boeing 737-800,XAADU,,,,,,,25fc9cc4-c18e-4af6-bfaf-38a53ba56f4f,7ea1f32b-1df8-4328-8c36-3473a8abea7c,52352c99-6347-4c4e-9472-3c8556ee037f,85570a14-2373-4bad-a7b5-b3a9a7fdce90,,8ad8530e-acd0-42bf-abc5-1e70c4a076bf
2022-09-19,NKS,322,MCO,ORD,A,25,3,L7,false,,2022-09-19T09:00,2022-09-19T08:55,2022-09-19T09:13,2022-09-19T09:00,2022-09-19T10:46,2022-09-19T10:39,2022-09-19T11:02,2022-09-19T11:12,Airbus A321,N679NK,,,,,,,d01b3353-063e-40c3-9cd4-69a792efe4e6,ffe5c844-1817-47ed-ab7c-6b41364be364,85570a14-2373-4bad-a7b5-b3a9a7fdce90,a5eff314-18e7-4c87-bd38-0131882f1b8d,,5904cdc2-eccf-41fe-8345-e82a51d3269c
2022-11-18,NKS,2057,ORD,MCO,3,L11,A,27,false,,2022-11-18T16:05,2022-11-18T16:52,2022-11-18T16:18,2022-11-18T17:46,2022-11-18T19:24,2022-11-18T21:15,2022-11-18T19:47,2022-11-18T21:08,Airbus A321,N663NK,,,,,,,930601e3-3738-4fb8-898f-05b9eb884ca1,ffe5c844-1817-47ed-ab7c-6b41364be364,a5eff314-18e7-4c87-bd38-0131882f1b8d,85570a14-2373-4bad-a7b5-b3a9a7fdce90,,5904cdc2-eccf-41fe-8345-e82a51d3269c
2022-11-27,NKS,2056,MCO,ORD,A,9,3,L11,false,,2022-11-27T13:11,2022-11-27T13:14,2022-11-27T13:26,2022-11-27T13:20,2022-11-27T14:56,2022-11-27T14:41,2022-11-27T15:10,2022-11-27T14:52,Airbus A321,N685NK,,,,,,,a3bb7235-f682-4a0c-9d33-e546ccb1ba89,ffe5c844-1817-47ed-ab7c-6b41364be364,85570a14-2373-4bad-a7b5-b3a9a7fdce90,a5eff314-18e7-4c87-bd38-0131882f1b8d,,5904cdc2-eccf-41fe-8345-e82a51d3269c
2022-12-08,NKS,2057,ORD,MCO,3,L9,A,28,false,,2022-12-08T16:04,2022-12-08T19:44,2022-12-08T16:14,2022-12-08T20:01:07,2022-12-08T19:49,2022-12-08T23:05:26,2022-12-08T19:59,2022-12-08T23:19,Airbus A321,N680NK,,,,,,,50ca6c9e-2a66-415c-8115-dbbae3a846fb,ffe5c844-1817-47ed-ab7c-6b41364be364,a5eff314-18e7-4c87-bd38-0131882f1b8d,85570a14-2373-4bad-a7b5-b3a9a7fdce90,,5904cdc2-eccf-41fe-8345-e82a51d3269c
2023-01-01,NKS,2056,MCO,ORD,A,7,3,L9,false,,2023-01-01T12:30,2023-01-01T12:33,2023-01-01T12:40,2023-01-01T12:44:22,2023-01-01T14:24,2023-01-01T14:07:06,2023-01-01T14:34,2023-01-01T14:16,Airbus A321,N660NK,,,,,,,1fc4a4ac-733a-4682-9736-70de34a39776,ffe5c844-1817-47ed-ab7c-6b41364be364,85570a14-2373-4bad-a7b5-b3a9a7fdce90,a5eff314-18e7-4c87-bd38-0131882f1b8d,,5904cdc2-eccf-41fe-8345-e82a51d3269c
2023-03-11,DAL,5017,DTW,MDW,EM,B12,Main,A5,false,,2023-03-11T16:10,2023-03-11T16:24,2023-03-11T16:20,2023-03-11T16:36:06,2023-03-11T16:19,2023-03-11T16:24:09,2023-03-11T16:29,2023-03-11T16:31,Bombardier CRJ700,N340CA,,,,,,,c394b4fb-bf21-4001-b43d-609a8b08cc0b,a8765091-d043-44b1-936c-d217bb519e56,8eee2bc8-dcbf-4b7b-a221-e38cce7c823a,b1bccd34-3f11-416a-998f-65cc527ca2a0,,1404a49a-a829-47ff-b37b-6c9273f21c77
2023-03-11,DAL,1250,DTW,MCO,M,A72,B,84,false,,2023-03-11T21:55,2023-03-11T22:49,2023-03-11T22:46,2023-03-11T22:58,2023-03-12T01:04,2023-03-12T01:01,2023-03-12T00:37,2023-03-12T01:06,Airbus A321,N348DN,,,,,,,ccf224b7-d83d-4df6-82b8-93d8f3a3df7e,a8765091-d043-44b1-936c-d217bb519e56,8eee2bc8-dcbf-4b7b-a221-e38cce7c823a,85570a14-2373-4bad-a7b5-b3a9a7fdce90,,5904cdc2-eccf-41fe-8345-e82a51d3269c
2023-03-19,DAL,1321,MCO,DTW,B,97,M,A60,false,,2023-03-19T06:05,2023-03-19T06:02,2023-03-19T06:27,2023-03-19T06:20,2023-03-19T08:27,2023-03-19T08:33,2023-03-19T08:51,2023-03-19T08:51,Boeing 757-300,N584NW,,,,,,,4aa4389d-9310-4335-b47f-280737cae945,a8765091-d043-44b1-936c-d217bb519e56,85570a14-2373-4bad-a7b5-b3a9a7fdce90,8eee2bc8-dcbf-4b7b-a221-e38cce7c823a,,0e3e6575-bd45-480c-bd83-360ac9fc02d2
2023-03-19,DAL,5017,DTW,MDW,M,B8,Main,A5,false,,2023-03-19T16:40,2023-03-19T17:14,2023-03-19T17:06,2023-03-19T17:27,2023-03-19T16:56,2023-03-19T17:11,2023-03-19T16:56,2023-03-19T17:16,"Bombardier CRJ900 ",N923XJ,,,,,,,f07b135a-760f-46de-89e3-6eb3275b6ffc,a8765091-d043-44b1-936c-d217bb519e56,8eee2bc8-dcbf-4b7b-a221-e38cce7c823a,b1bccd34-3f11-416a-998f-65cc527ca2a0,,8a4bd3f7-3aac-4e32-8a52-07e5525b36e3
2023-06-04,AAL,1787,MCO,DCA,B,57,2,C32,false,,2023-06-04T11:36,2023-06-04T11:34,2023-06-04T11:58,2023-06-04T12:05,2023-06-04T13:49,2023-06-04T13:44,2023-06-04T13:55,2023-06-04T13:47,Boeing 737-800,N898NN,,,,,,,0cffd064-3d91-40b2-a01d-d879de3c2896,ae1fc6a5-c42d-4e70-ba63-d641d248d270,85570a14-2373-4bad-a7b5-b3a9a7fdce90,be38c6f9-3dd7-41e2-baf8-929dbd2b54f3,,8ad8530e-acd0-42bf-abc5-1e70c4a076bf
2023-07-30,AAL,2116,DCA,MCO,2,C33,B,58,false,,2023-07-30T17:05,2023-07-30T18:11,2023-07-30T17:30,2023-07-30T18:29,2023-07-30T19:00,2023-07-30T20:20,2023-07-30T19:26,2023-07-30T20:28,Boeing 737-800,N804NN,,,,,,Start of Long Distance with Val,6b137326-eaef-4e93-ac9a-0a36cecf1ae8,ae1fc6a5-c42d-4e70-ba63-d641d248d270,be38c6f9-3dd7-41e2-baf8-929dbd2b54f3,85570a14-2373-4bad-a7b5-b3a9a7fdce90,,8ad8530e-acd0-42bf-abc5-1e70c4a076bf
2023-07-30,AAL,2116,CHS,MCO,Main,,,,false,,2023-07-30T20:45,2023-07-30T21:02:50,2023-07-30T20:45,2023-07-30T21:14:27,2023-07-30T21:34,2023-07-30T22:04:43,,,Boeing 737-800,N804NN,,,,,,,34c8c699-715e-4c0c-8ec1-ec5cc9a2ba62,ae1fc6a5-c42d-4e70-ba63-d641d248d270,f2192a56-1d87-4ae5-8730-62b43e5a15fb,85570a14-2373-4bad-a7b5-b3a9a7fdce90,,8ad8530e-acd0-42bf-abc5-1e70c4a076bf
2023-08-04,DAL,997,MCO,LAX,B,83,3,21A,false,,2023-08-04T07:45,2023-08-04T07:41,2023-08-04T07:47,2023-08-04T07:57,2023-08-04T09:17,2023-08-04T09:33,2023-08-04T10:00,2023-08-04T10:11,Airbus A321neo,N521DT,,,,,,,6a827fa3-51dd-4235-b500-5090ee9b327f,a8765091-d043-44b1-936c-d217bb519e56,85570a14-2373-4bad-a7b5-b3a9a7fdce90,25b8d712-9888-423f-868d-b25f1d184aaf,,2e99cd6b-cec7-4ec7-a85e-dbc2b5e25a8f
2023-08-09,MXY,602,SNA,MCO,A,2,B,31,false,,2023-08-09T08:35,2023-08-09T08:32,2023-08-09T08:53,2023-08-09T08:44,2023-08-09T16:13,2023-08-09T16:09,2023-08-09T16:15,2023-08-09T16:14,Airbus A220-300,N206BZ,,,,,,,41b9665f-d866-4c28-b630-09cb6ff104bc,b8c05c04-cbb7-4d86-9f17-ae2218d5c08e,1994cd57-1fbf-443e-b905-9eb6354ccf12,85570a14-2373-4bad-a7b5-b3a9a7fdce90,,c6158951-56ef-48ec-b8ae-5f7e9c0c24c0
2023-08-10,DAL,2587,MCO,MIA,B,77,S,H5,false,,2023-08-10T06:40,2023-08-10T06:36,2023-08-10T06:43,2023-08-10T06:45,2023-08-10T07:18,2023-08-10T07:24,2023-08-10T07:41,2023-08-10T07:30,Boeing 737-800,N377DA,,,,,,,a8d376c6-693d-4779-a7f8-cfc2f92d94a6,a8765091-d043-44b1-936c-d217bb519e56,85570a14-2373-4bad-a7b5-b3a9a7fdce90,2a44ac82-ae36-48d1-87c0-e8cbb31ce45f,,8ad8530e-acd0-42bf-abc5-1e70c4a076bf
2023-08-11,DAL,1032,MIA,MCO,S,H7,B,96,false,,2023-08-11T21:10,2023-08-11T21:03,2023-08-11T21:20,2023-08-11T21:26,2023-08-11T21:52,2023-08-11T22:05,2023-08-11T22:19,2023-08-11T22:14,Boeing 737-800,N3738B,,,,,,,2d09f01f-d7c2-4a8d-a7ca-91768b64bd25,a8765091-d043-44b1-936c-d217bb519e56,2a44ac82-ae36-48d1-87c0-e8cbb31ce45f,85570a14-2373-4bad-a7b5-b3a9a7fdce90,,8ad8530e-acd0-42bf-abc5-1e70c4a076bf
2023-08-19,DAL,2065,MCO,ATL,B,74,S,A26,false,,2023-08-19T06:15,2023-08-19T06:09,2023-08-19T06:17,2023-08-19T06:29,2023-08-19T07:25,2023-08-19T07:33,2023-08-19T07:49,2023-08-19T07:45,Boeing 757-200,N6715C,,,,,,,976d66a4-5f61-4ca7-8b20-318b16ecfe33,a8765091-d043-44b1-936c-d217bb519e56,85570a14-2373-4bad-a7b5-b3a9a7fdce90,6f0c1d11-cfef-4b33-b462-90379270f593,,2c3a4012-9fb9-44fc-9a71-0b6cb336042e
2023-08-19,DAL,1285,ATL,RIC,S,A15,Main,B13,false,,2023-08-19T08:04,2023-08-19T08:05,2023-08-19T08:08,2023-08-19T08:26,2023-08-19T09:16,2023-08-19T09:31,2023-08-19T09:40,2023-08-19T09:35,Boeing 757-200,N557NW,,,,,,Surprised Val with move-in,1dabc6f6-a9a2-41bd-8de6-5be96d9651a7,a8765091-d043-44b1-936c-d217bb519e56,6f0c1d11-cfef-4b33-b462-90379270f593,251bd012-ff1b-4fd6-aa7f-c7b9112eddad,,2c3a4012-9fb9-44fc-9a71-0b6cb336042e
2023-08-22,DAL,1285,RIC,ATL,Main,B13,S,A15,false,,2023-08-22T10:50,2023-08-22T10:45,2023-08-22T10:52,2023-08-22T11:05,2023-08-22T12:05,2023-08-22T12:12,2023-08-22T12:30,2023-08-22T12:23,Boeing 757-200,N545US,,,,,,,82c2c532-226f-4f8a-a198-8a2d0f60bbc2,a8765091-d043-44b1-936c-d217bb519e56,251bd012-ff1b-4fd6-aa7f-c7b9112eddad,6f0c1d11-cfef-4b33-b462-90379270f593,,2c3a4012-9fb9-44fc-9a71-0b6cb336042e
2023-08-22,DAL,2625,ATL,MCO,S,A11,B,72,false,,2023-08-22T13:50,2023-08-22T14:13,2023-08-22T14:21,2023-08-22T14:34,2023-08-22T15:25,2023-08-22T15:34,2023-08-22T15:25,2023-08-22T15:44,Boeing 757-200,N681DA,,,,,,,e516b41b-2e02-4e56-96ba-86b8067084b7,a8765091-d043-44b1-936c-d217bb519e56,6f0c1d11-cfef-4b33-b462-90379270f593,85570a14-2373-4bad-a7b5-b3a9a7fdce90,,2c3a4012-9fb9-44fc-9a71-0b6cb336042e
2023-08-24,SWA,644,MCO,PHX,A,104,4,C2,false,,2023-08-24T08:45,2023-08-24T08:45,2023-08-24T08:55,2023-08-24T09:00:10,2023-08-24T09:53,2023-08-24T09:58,2023-08-24T10:10,2023-08-24T10:04,Boeing 737-700,N7841A,,,,,,,4b36828d-badf-4755-bf1e-6eb581f482ba,be4c4286-2c02-4dca-86d4-56e19aa348f7,85570a14-2373-4bad-a7b5-b3a9a7fdce90,a2f06eec-440b-48dd-9096-f9051e8a07ef,,886c3a0c-c7a3-4205-982f-35cddc765ae1
2023-08-24,SWA,2913,PHX,LAS,4,D8,1,B21,false,,2023-08-24T11:05,2023-08-24T11:05,2023-08-24T11:15,2023-08-24T11:21:44,2023-08-24T11:58,2023-08-24T12:07:23,2023-08-24T12:15,2023-08-24T12:14,Boeing 737-700,N7713A,,,,,,,bfbe27be-1eaf-4055-8094-9bad7381b332,be4c4286-2c02-4dca-86d4-56e19aa348f7,a2f06eec-440b-48dd-9096-f9051e8a07ef,13ec7b81-ab66-4c6c-b632-92f18740c05b,,886c3a0c-c7a3-4205-982f-35cddc765ae1
2023-08-26,SWA,225,LAS,RNO,1,C23,Main,B3,false,,2023-08-26T09:50,2023-08-26T10:03,2023-08-26T10:06,2023-08-26T10:19,2023-08-26T10:57,2023-08-26T11:11,2023-08-26T11:15,2023-08-26T11:18,Boeing 737-700,N7811F,,,,,,,95df0d39-cd70-4980-93c6-c9df2af46865,be4c4286-2c02-4dca-86d4-56e19aa348f7,13ec7b81-ab66-4c6c-b632-92f18740c05b,a6215c29-3c70-433f-954a-8c1295660eb6,,886c3a0c-c7a3-4205-982f-35cddc765ae1
2023-08-27,SWA,2910,RNO,DEN,Main,B5,Main,C26,false,,2023-08-27T10:35,2023-08-27T10:39,2023-08-27T10:45,2023-08-27T10:49,2023-08-27T13:26,2023-08-27T13:33,2023-08-27T13:40,2023-08-27T13:49,Boeing 737-800,N8518R,,,,,,,0586343c-434e-4a0c-89ef-1f77ba59d561,be4c4286-2c02-4dca-86d4-56e19aa348f7,a6215c29-3c70-433f-954a-8c1295660eb6,d00b5728-0678-4689-b660-fe9e583203dc,,8ad8530e-acd0-42bf-abc5-1e70c4a076bf
2023-08-27,SWA,1833,DEN,MCO,Main,C33,A,104,false,,2023-08-27T16:05,2023-08-27T16:28,2023-08-27T16:15,2023-08-27T16:49:46,2023-08-27T21:19,2023-08-27T21:52:47,2023-08-27T21:45,2023-08-27T22:04,Boeing 737-800,N8530W,,,,,,,865499e2-76fa-48e1-9d07-65aa42ea1158,be4c4286-2c02-4dca-86d4-56e19aa348f7,d00b5728-0678-4689-b660-fe9e583203dc,85570a14-2373-4bad-a7b5-b3a9a7fdce90,,8ad8530e-acd0-42bf-abc5-1e70c4a076bf
2023-09-11,DAL,1036,MCO,ATL,B,85,S,A26,false,,2023-09-11T06:05,2023-09-11T06:00,2023-09-11T06:14,2023-09-11T06:17,2023-09-11T07:16,2023-09-11T07:20,2023-09-11T07:41,2023-09-11T07:29,Boeing 757-200,N6714Q,,,,,,,9243b068-7b68-4f64-a57f-71c3968eb53a,a8765091-d043-44b1-936c-d217bb519e56,85570a14-2373-4bad-a7b5-b3a9a7fdce90,6f0c1d11-cfef-4b33-b462-90379270f593,,2c3a4012-9fb9-44fc-9a71-0b6cb336042e
2023-09-11,DAL,1063,ATL,MDW,S,B36,Main,A5,false,,2023-09-11T09:09,2023-09-11T09:07,2023-09-11T09:19,2023-09-11T09:19,2023-09-11T09:44,2023-09-11T09:44,2023-09-11T10:02,2023-09-11T09:52,Airbus A320,N373NW,,,,,,,74684992-2ea9-4f9e-8dca-e6f9595d73c4,a8765091-d043-44b1-936c-d217bb519e56,6f0c1d11-cfef-4b33-b462-90379270f593,b1bccd34-3f11-416a-998f-65cc527ca2a0,,dd390a1f-e92a-4411-ab72-04db16d42030
2023-09-18,DAL,4158,MDW,DTW,Main,A5,M,B12,false,,2023-09-18T17:00,2023-09-18T16:54,2023-09-18T17:14,2023-09-18T17:20,2023-09-18T19:09,2023-09-18T18:59,2023-09-18T19:17,2023-09-18T19:09,Bombardier CRJ700,N625CA,,,,,,,08af52c1-0d37-483c-be43-c883efc03b65,a8765091-d043-44b1-936c-d217bb519e56,b1bccd34-3f11-416a-998f-65cc527ca2a0,8eee2bc8-dcbf-4b7b-a221-e38cce7c823a,,1404a49a-a829-47ff-b37b-6c9273f21c77
2023-09-18,DAL,5241,DTW,RIC,M,A59,Main,B10,false,,2023-09-18T21:15,2023-09-18T21:11,2023-09-18T21:27,2023-09-18T21:50,2023-09-18T22:37,2023-09-18T22:56,2023-09-18T22:53,2023-09-18T23:06,"Bombardier CRJ900 ",N232PQ,,,,,,,1ea4a090-104f-42e4-ab43-783583e0d3c7,a8765091-d043-44b1-936c-d217bb519e56,8eee2bc8-dcbf-4b7b-a221-e38cce7c823a,251bd012-ff1b-4fd6-aa7f-c7b9112eddad,,8a4bd3f7-3aac-4e32-8a52-07e5525b36e3
2023-09-24,DAL,5836,RIC,LGA,Main,B5,C,67,false,,2023-09-24T09:00,2023-09-24T08:54,2023-09-24T09:10,2023-09-24T09:09,2023-09-24T09:58,2023-09-24T09:54,2023-09-24T10:29,2023-09-24T09:58,Embraer 170,N860RW,,,,,,,2c98678e-35e0-495b-aa2d-cbc65586d073,a8765091-d043-44b1-936c-d217bb519e56,251bd012-ff1b-4fd6-aa7f-c7b9112eddad,dfeb8457-3376-49f8-b542-dbeb2ec9f719,,2acf1934-38ee-4709-8efa-7018f9be5222
2023-09-29,DAL,1669,MCO,JFK,B,75,4,B49,false,,2023-09-29T15:52,2023-09-29T17:20,2023-09-29T16:17,2023-09-29T17:39,2023-09-29T18:15,2023-09-29T20:21,2023-09-29T18:48,2023-09-29T21:24,Airbus A321,N362DN,,,,,,,8da70b0a-72bc-4009-a530-5e2d9ff7687d,a8765091-d043-44b1-936c-d217bb519e56,85570a14-2373-4bad-a7b5-b3a9a7fdce90,fc332185-4dde-4791-b449-0de5e83e47b9,,5904cdc2-eccf-41fe-8345-e82a51d3269c
2023-09-29,DAL,3,JFK,LHR,4,B38,3,TBA,true,,2023-09-29T22:00,,2023-09-29T22:31,,2023-09-30T09:43,,2023-09-30T10:15,,Airbus A330-900neo,N413DX,,,,,,,028485c5-8e0e-4847-8caf-669d89a9ed8f,a8765091-d043-44b1-936c-d217bb519e56,fc332185-4dde-4791-b449-0de5e83e47b9,5a2a51a0-1a5b-42c9-b220-c61953fac034,,5b8cd90f-0c27-41d1-a4de-e80184085fd2
2023-09-29,DAL,62,JFK,LGW,4,B30,N,52,false,,2023-09-29T23:45,2023-09-30T01:17,2023-09-30T00:03,2023-09-30T01:34,2023-09-30T11:25,2023-09-30T12:57,2023-09-30T12:00,2023-09-30T13:06,Boeing 767-400,N827MH,,,,,,,0e373d7e-f07e-4018-afc1-4ee7d0418285,a8765091-d043-44b1-936c-d217bb519e56,fc332185-4dde-4791-b449-0de5e83e47b9,f0a9abc1-65e8-4666-9c4f-e7c1849cae93,,dae07e29-15b1-4f35-9552-d70888135843
2023-11-19,EZY,8672,AMS,LGW,3,H7,N,,false,,2023-11-19T07:05,2023-11-19T06:55,2023-11-19T07:25,2023-11-19T07:08,2023-11-19T07:00,2023-11-19T06:56,2023-11-19T07:20,2023-11-19T07:03,Airbus A319,OELVK,,,,,,,1ca35b1c-c8fa-4acd-89ff-8a96291c512f,c39d5ea4-a02f-45f5-bbbb-d3ef73b04aff,f671c076-61b7-4572-8abb-359aaadaafd4,f0a9abc1-65e8-4666-9c4f-e7c1849cae93,,fb8254ff-1d83-4fe1-a147-882c217dfcbe
2023-11-19,EZY,8675,LGW,AMS,N,101,Main,,false,,2023-11-19T20:10,2023-11-19T20:48,2023-11-19T21:03,2023-11-19T21:03,2023-11-19T22:08,2023-11-19T22:50,2023-11-19T22:20,2023-11-19T22:54,Airbus A320neo,OELSM,,,,,,,1dbc709a-d53f-4aa2-b3a5-f9505a167096,c39d5ea4-a02f-45f5-bbbb-d3ef73b04aff,f0a9abc1-65e8-4666-9c4f-e7c1849cae93,f671c076-61b7-4572-8abb-359aaadaafd4,,fc3bd268-833c-40f4-a74c-9512dabcbe08
2023-12-02,VIR,91,LHR,MCO,3,17,B,94,false,,2023-12-02T14:35,2023-12-02T14:37,2023-12-02T14:45,2023-12-02T15:12,2023-12-02T19:07,2023-12-02T19:35,2023-12-02T19:45,2023-12-02T19:50,Airbus A330-300,GVSXY,,,,,,,840e2bc1-8e0e-4cdf-8054-ae3a1f936f67,ae01a1b0-39d9-4221-a1c6-622d89154851,5a2a51a0-1a5b-42c9-b220-c61953fac034,85570a14-2373-4bad-a7b5-b3a9a7fdce90,,6eab475b-ae92-46cd-a1b8-66937c85f7cc
2023-12-04,DAL,2680,MCO,ATL,B,74,S,A2,false,,2023-12-04T06:00,2023-12-04T05:55,2023-12-04T06:08,2023-12-04T06:12,2023-12-04T07:10,2023-12-04T07:16,2023-12-04T07:35,2023-12-04T07:20,Boeing 757-200,N6714Q,,,,,,,8ac623f2-0b0e-445e-b7b2-fc22905ba499,a8765091-d043-44b1-936c-d217bb519e56,85570a14-2373-4bad-a7b5-b3a9a7fdce90,6f0c1d11-cfef-4b33-b462-90379270f593,,2c3a4012-9fb9-44fc-9a71-0b6cb336042e
2023-12-04,DAL,1063,ATL,MDW,S,D9,Main,A5,false,,2023-12-04T09:15,2023-12-04T09:45,2023-12-04T09:25,2023-12-04T10:00,2023-12-04T09:54,2023-12-04T10:25,2023-12-04T10:08,2023-12-04T10:31,Boeing 717-200,N947AT,,,,,,,365b7e61-b413-4b1a-b30a-67d908129a28,a8765091-d043-44b1-936c-d217bb519e56,6f0c1d11-cfef-4b33-b462-90379270f593,b1bccd34-3f11-416a-998f-65cc527ca2a0,,92a68bee-2e3c-4fc9-975a-20b0d93ac3ed
2023-12-05,DAL,2937,MDW,ATL,Main,A5,S,A11,false,,2023-12-05T06:00,2023-12-05T05:51,2023-12-05T05:58,2023-12-05T06:23,2023-12-05T08:29,2023-12-05T08:46,2023-12-05T09:00,2023-12-05T08:52,Airbus A319,N323NB,,,,,,,b73cbf9b-9eb8-4988-93c2-5c9f42a2f45e,a8765091-d043-44b1-936c-d217bb519e56,b1bccd34-3f11-416a-998f-65cc527ca2a0,6f0c1d11-cfef-4b33-b462-90379270f593,,fb8254ff-1d83-4fe1-a147-882c217dfcbe
2023-12-05,DAL,1030,ATL,MCO,S,F8,B,75,false,,2023-12-05T11:30,2023-12-05T11:43,2023-12-05T11:41,2023-12-05T11:58,2023-12-05T12:41,2023-12-05T13:03,2023-12-05T13:00,2023-12-05T13:07,Airbus A330-200,N861NW,,,,,,,e401870e-073d-47fd-8609-52f35b930d5a,a8765091-d043-44b1-936c-d217bb519e56,6f0c1d11-cfef-4b33-b462-90379270f593,85570a14-2373-4bad-a7b5-b3a9a7fdce90,,b592e11d-fad7-492c-9c29-998f09eed93e
2023-12-12,NKS,930,MCO,RIC,A,22,Main,B7,false,,2023-12-12T09:25,2023-12-12T09:39,2023-12-12T09:43,2023-12-12T09:39,2023-12-12T11:12,2023-12-12T11:24,2023-12-12T11:27,2023-12-12T11:29,Airbus A320,N653NK,,,,,,,35693773-fc04-42e7-810b-7a3e522f7192,ffe5c844-1817-47ed-ab7c-6b41364be364,85570a14-2373-4bad-a7b5-b3a9a7fdce90,251bd012-ff1b-4fd6-aa7f-c7b9112eddad,,dd390a1f-e92a-4411-ab72-04db16d42030
2023-12-15,NKS,841,RIC,MCO,Main,B7,A,24,false,,2023-12-15T20:08,2023-12-15T22:18,2023-12-15T20:10,2023-12-15T22:30,2023-12-15T21:46,2023-12-16T00:07,2023-12-15T22:25,2023-12-16T00:21,Airbus A320,N601NK,,,,,,,e7a3f2be-f1d2-4555-af02-c20205b65b47,ffe5c844-1817-47ed-ab7c-6b41364be364,251bd012-ff1b-4fd6-aa7f-c7b9112eddad,85570a14-2373-4bad-a7b5-b3a9a7fdce90,,dd390a1f-e92a-4411-ab72-04db16d42030
2024-01-02,SWA,690,MCO,MDW,A,127,Main,B21,false,,2024-01-02T06:25,2024-01-02T06:32,2024-01-02T06:35,2024-01-02T06:45,2024-01-02T08:10,2024-01-02T08:08,2024-01-02T08:15,2024-01-02T08:15,Boeing 737 MAX 8,N8886C,2KPYHN,10F,,ECONOMY,,,3fbfeb41-ab21-44da-a918-cf8bf0f04c38,be4c4286-2c02-4dca-86d4-56e19aa348f7,85570a14-2373-4bad-a7b5-b3a9a7fdce90,b1bccd34-3f11-416a-998f-65cc527ca2a0,,5ee1c1db-bf8c-475a-99b0-262bbc7a50b2
2024-02-16,DAL,1421,MDW,ATL,Main,A5,S,C41,false,,2024-02-16T06:00,2024-02-16T05:53,2024-02-16T06:04,2024-02-16T06:05,2024-02-16T08:22,2024-02-16T08:29,2024-02-16T09:00,2024-02-16T08:40,Boeing 717-200,N948AT,F9WPQ4,19E,WINDOW,CREW,,,305b7dd4-d3a7-487f-b308-6b1973dc08f7,a8765091-d043-44b1-936c-d217bb519e56,b1bccd34-3f11-416a-998f-65cc527ca2a0,6f0c1d11-cfef-4b33-b462-90379270f593,,92a68bee-2e3c-4fc9-975a-20b0d93ac3ed
2024-02-16,DAL,1030,ATL,MCO,S,A10,B,74,false,,2024-02-16T11:25,2024-02-16T11:20,2024-02-16T12:15,2024-02-16T11:42,2024-02-16T13:14,2024-02-16T12:44,2024-02-16T12:55,2024-02-16T12:54,Boeing 757-200,N556NW,,,,CREW,,,b46e0b2b-f9fb-4fd8-9982-5e96433969fa,a8765091-d043-44b1-936c-d217bb519e56,6f0c1d11-cfef-4b33-b462-90379270f593,85570a14-2373-4bad-a7b5-b3a9a7fdce90,,2c3a4012-9fb9-44fc-9a71-0b6cb336042e
2024-02-18,SWA,3425,MCO,CVG,A,103,Main,A3,false,,2024-02-18T16:30,2024-02-18T16:57,2024-02-18T16:40,2024-02-18T17:12,2024-02-18T18:27,2024-02-18T18:49,2024-02-18T18:45,2024-02-18T19:00,Boeing 737 MAX 8,N872CB,,30F,MIDDLE,ECONOMY,,,f3df3074-fde8-4a6f-91eb-24e9258cebd9,be4c4286-2c02-4dca-86d4-56e19aa348f7,85570a14-2373-4bad-a7b5-b3a9a7fdce90,d1a147c1-c486-4b4b-a744-65bf7018d1bc,,5ee1c1db-bf8c-475a-99b0-262bbc7a50b2
2024-02-18,SWA,3425,CVG,MDW,Main,A3,Main,B3,false,,2024-02-18T19:30,2024-02-18T19:35,2024-02-18T19:40,2024-02-18T19:44,2024-02-18T19:34,2024-02-18T19:29,2024-02-18T19:40,2024-02-18T19:35,Boeing 737 MAX 8,N872CB,,,AISLE,ECONOMY,,,71791e8e-0364-48d0-85b4-ae40964cc8f4,be4c4286-2c02-4dca-86d4-56e19aa348f7,d1a147c1-c486-4b4b-a744-65bf7018d1bc,b1bccd34-3f11-416a-998f-65cc527ca2a0,,5ee1c1db-bf8c-475a-99b0-262bbc7a50b2
2024-03-10,AAL,523,ORD,DCA,3,K5,2,C27,false,,2024-03-10T06:42,2024-03-10T06:50,2024-03-10T06:59,2024-03-10T07:02,2024-03-10T09:23,2024-03-10T09:27,2024-03-10T09:29,2024-03-10T09:39,Boeing 737-800,N924NN,,,AISLE,,,,36e6f6a8-7093-40b5-ab7f-1ca7837fc83d,ae1fc6a5-c42d-4e70-ba63-d641d248d270,a5eff314-18e7-4c87-bd38-0131882f1b8d,be38c6f9-3dd7-41e2-baf8-929dbd2b54f3,,8ad8530e-acd0-42bf-abc5-1e70c4a076bf
2024-03-10,AAL,1909,RIC,CLT,Main,A10,Main,B3,false,,2024-03-10T20:26,2024-03-10T20:48,2024-03-10T20:36,2024-03-10T21:07,2024-03-10T21:39,2024-03-10T21:54,2024-03-10T21:47,2024-03-10T22:01,Boeing 737-800,N346PR,,,AISLE,ECONOMY,,,1f691e56-be0c-4714-a6fa-16a029ba8475,ae1fc6a5-c42d-4e70-ba63-d641d248d270,251bd012-ff1b-4fd6-aa7f-c7b9112eddad,9bafd1d5-34a5-4ba8-b6af-61d3350d5912,,8ad8530e-acd0-42bf-abc5-1e70c4a076bf
2024-03-10,AAL,839,CLT,ORD,Main,D5,3,K20,false,,2024-03-10T22:47,2024-03-10T23:03,2024-03-10T22:57,2024-03-10T23:26,2024-03-10T23:42,2024-03-11T00:02,2024-03-10T23:58,2024-03-11T00:11,Boeing 737-800,N933NN,,,AISLE,ECONOMY,,,4175d0c3-7a62-49fb-8e21-35facc4995f0,ae1fc6a5-c42d-4e70-ba63-d641d248d270,9bafd1d5-34a5-4ba8-b6af-61d3350d5912,a5eff314-18e7-4c87-bd38-0131882f1b8d,,8ad8530e-acd0-42bf-abc5-1e70c4a076bf
2024-04-12,DAL,1260,MDW,ATL,Main,A5,S,C35,false,,2024-04-12T06:00,2024-04-12T05:55,2024-04-12T06:14,2024-04-12T06:07,2024-04-12T08:40,2024-04-12T08:28,2024-04-12T08:56,2024-04-12T08:41,Boeing 717-200,N948AT,,,,CREW,,,02553fe8-2f95-4664-8c84-4cd1b8939490,a8765091-d043-44b1-936c-d217bb519e56,b1bccd34-3f11-416a-998f-65cc527ca2a0,6f0c1d11-cfef-4b33-b462-90379270f593,,92a68bee-2e3c-4fc9-975a-20b0d93ac3ed
2024-04-12,SWA,4010,ATL,RIC,N,C3,Main,B9,false,,2024-04-12T11:00,2024-04-12T11:02,2024-04-12T11:10,2024-04-12T11:14,2024-04-12T12:19,2024-04-12T12:18,2024-04-12T12:30,2024-04-12T12:30,Boeing 737 MAX 8,N8777Q,,,MIDDLE,,,,898e0f82-1716-43c3-aef9-de28f3f09b19,be4c4286-2c02-4dca-86d4-56e19aa348f7,6f0c1d11-cfef-4b33-b462-90379270f593,251bd012-ff1b-4fd6-aa7f-c7b9112eddad,,5ee1c1db-bf8c-475a-99b0-262bbc7a50b2
2024-04-15,DAL,2497,RIC,ATL,Main,B14,S,A17,false,,2024-04-15T05:40,2024-04-15T05:33,2024-04-15T05:57,2024-04-15T05:52,2024-04-15T07:09,2024-04-15T07:02,2024-04-15T07:20,2024-04-15T07:10,Boeing 757-200,N547US,,,WINDOW,CREW,,,16ee4974-6fed-4fff-984f-a1232ad473d7,a8765091-d043-44b1-936c-d217bb519e56,251bd012-ff1b-4fd6-aa7f-c7b9112eddad,6f0c1d11-cfef-4b33-b462-90379270f593,,2c3a4012-9fb9-44fc-9a71-0b6cb336042e
2024-04-15,DAL,2719,ATL,MDW,S,D7,Main,A5,false,,2024-04-15T14:00,2024-04-15T13:55,2024-04-15T14:14,2024-04-15T14:08,2024-04-15T14:41,2024-04-15T14:41,2024-04-15T14:53,2024-04-15T14:46,Boeing 717-200,N933AT,,12C,AISLE,CREW,,,9532a0d5-05c0-40c2-9aa3-66b82f65114f,a8765091-d043-44b1-936c-d217bb519e56,6f0c1d11-cfef-4b33-b462-90379270f593,b1bccd34-3f11-416a-998f-65cc527ca2a0,,92a68bee-2e3c-4fc9-975a-20b0d93ac3ed
2024-04-19,DAL,4034,MDW,MSP,Main,A7,1,C11,false,,2024-04-19T06:30,2024-04-19T06:23,2024-04-19T06:40,2024-04-19T06:42,2024-04-19T07:40,2024-04-19T07:53,2024-04-19T08:08,2024-04-19T08:02,Embraer 175,N244SY,HVEQDV,5D,WINDOW,BUSINESS,,,3f0dee68-791e-46be-880f-f582d4a4f5e7,a8765091-d043-44b1-936c-d217bb519e56,b1bccd34-3f11-416a-998f-65cc527ca2a0,e6471588-a4ac-43ed-85de-adb08f1c3410,,36728d5b-40cd-46ec-93ba-8822376b565d
2024-04-19,DAL,878,MSP,MCO,1,D3,B,71,false,,2024-04-19T12:50,2024-04-19T13:03,2024-04-19T13:05,2024-04-19T13:17,2024-04-19T16:51,2024-04-19T16:48,2024-04-19T17:02,2024-04-19T16:58,Boeing 757-300,N588NW,,36C,AISLE,CREW,,,8482b09c-a8d8-4218-962b-a127a2b090b4,a8765091-d043-44b1-936c-d217bb519e56,e6471588-a4ac-43ed-85de-adb08f1c3410,85570a14-2373-4bad-a7b5-b3a9a7fdce90,,0e3e6575-bd45-480c-bd83-360ac9fc02d2
2024-04-21,SWA,1328,MCO,MDW,A,125,Main,A11,false,,2024-04-21T21:30,2024-04-21T21:41,2024-04-21T21:40,2024-04-21T21:53,2024-04-21T23:04,2024-04-21T23:10,2024-04-21T23:20,2024-04-21T23:18,Boeing 737 MAX 8,N8864H,3AZOMC,14E,MIDDLE,ECONOMY,,,67caf418-1a25-4584-b5e2-993d6818f8f6,be4c4286-2c02-4dca-86d4-56e19aa348f7,85570a14-2373-4bad-a7b5-b3a9a7fdce90,b1bccd34-3f11-416a-998f-65cc527ca2a0,,5ee1c1db-bf8c-475a-99b0-262bbc7a50b2
2024-05-28,DAL,2548,MDW,ATL,Main,A5,S,D12,false,,2024-05-28T06:00,2024-05-28T05:47,2024-05-28T06:10,2024-05-28T05:58,2024-05-28T08:33,2024-05-28T08:22,2024-05-28T08:56,2024-05-28T08:30,Boeing 717-200,N952AT,,,MIDDLE,CREW,,,a0c8d4f7-e5dd-4385-a9b0-e4d08201d778,a8765091-d043-44b1-936c-d217bb519e56,b1bccd34-3f11-416a-998f-65cc527ca2a0,6f0c1d11-cfef-4b33-b462-90379270f593,,92a68bee-2e3c-4fc9-975a-20b0d93ac3ed
2024-05-28,DAL,1030,ATL,MCO,S,A9,B,78,false,,2024-05-28T11:39,2024-05-28T11:37,2024-05-28T11:49,2024-05-28T11:58,2024-05-28T12:44,2024-05-28T12:56,2024-05-28T13:03,2024-05-28T13:06,Boeing 757-200,N698DL,,40A,WINDOW,CREW,,,e7dd122b-558a-46e3-9f2c-de9def7f5b90,a8765091-d043-44b1-936c-d217bb519e56,6f0c1d11-cfef-4b33-b462-90379270f593,85570a14-2373-4bad-a7b5-b3a9a7fdce90,,2c3a4012-9fb9-44fc-9a71-0b6cb336042e
2024-06-08,DAL,1003,MCO,DCA,B,73,2,B17,false,,2024-06-08T09:56,2024-06-08T09:47,2024-06-08T10:13,2024-06-08T09:56,2024-06-08T11:59,2024-06-08T11:38,2024-06-08T12:13,2024-06-08T11:41,Airbus A319,N329NB,,,MIDDLE,CREW,,,a9a89980-69c9-416c-b17c-81b35b272208,a8765091-d043-44b1-936c-d217bb519e56,85570a14-2373-4bad-a7b5-b3a9a7fdce90,be38c6f9-3dd7-41e2-baf8-929dbd2b54f3,,fb8254ff-1d83-4fe1-a147-882c217dfcbe
2024-06-22,DAL,1003,DCA,MCO,2,B18,B,72,false,,2024-06-22T06:45,2024-06-22T06:37,2024-06-22T06:55,2024-06-22T06:48,2024-06-22T08:36,2024-06-22T08:31,2024-06-22T09:01,2024-06-22T08:37,Airbus A319,N342NB,,10D,AISLE,CREW,,,2baf413e-728d-4c4c-819d-4ad86e0002e0,a8765091-d043-44b1-936c-d217bb519e56,be38c6f9-3dd7-41e2-baf8-929dbd2b54f3,85570a14-2373-4bad-a7b5-b3a9a7fdce90,,fb8254ff-1d83-4fe1-a147-882c217dfcbe
2024-06-24,DAL,2729,MCO,DCA,B,72,2,B15,false,,2024-06-24T19:43,2024-06-24T19:43,2024-06-24T19:53,2024-06-24T19:54,2024-06-24T21:27,2024-06-24T21:34,2024-06-24T22:00,2024-06-24T21:50,Airbus A319,N352NB,,15C,AISLE,CREW,,,462781c0-a87f-486b-82b6-8231ad918068,a8765091-d043-44b1-936c-d217bb519e56,85570a14-2373-4bad-a7b5-b3a9a7fdce90,be38c6f9-3dd7-41e2-baf8-929dbd2b54f3,,fb8254ff-1d83-4fe1-a147-882c217dfcbe
2024-06-27,SWA,4350,DCA,MDW,0,A2,Main,B5,false,,2024-06-27T21:10,2024-06-27T21:14,2024-06-27T21:20,2024-06-27T21:26,2024-06-27T21:54,2024-06-27T22:00,2024-06-27T22:10,2024-06-27T22:07,Boeing 737-700,N254WN,,2C,AISLE,CREW,,,88ade7b7-7ba6-49a2-976a-3ee781d6d24d,be4c4286-2c02-4dca-86d4-56e19aa348f7,be38c6f9-3dd7-41e2-baf8-929dbd2b54f3,b1bccd34-3f11-416a-998f-65cc527ca2a0,,886c3a0c-c7a3-4205-982f-35cddc765ae1
2024-06-28,SWA,4185,MDW,DCA,Main,B8,Main,A9,false,,2024-06-28T12:05,2024-06-28T12:02,2024-06-28T12:15,2024-06-28T12:13,2024-06-28T14:35,2024-06-28T14:35,2024-06-28T14:50,2024-06-28T14:45,Boeing 737-700,N216WR,,7D,AISLE,CREW,,,e886e717-1b01-4e8f-b6af-d239f7706fd8,be4c4286-2c02-4dca-86d4-56e19aa348f7,b1bccd34-3f11-416a-998f-65cc527ca2a0,be38c6f9-3dd7-41e2-baf8-929dbd2b54f3,,886c3a0c-c7a3-4205-982f-35cddc765ae1
2024-07-27,JBU,2523,DCA,MCO,2,C28,C,241A,false,,2024-07-27T20:00,2024-07-27T19:53,2024-07-27T20:10,2024-07-27T20:04,2024-07-27T22:14,2024-07-27T21:45,2024-07-27T22:25,2024-07-27T21:59,Airbus A320,N613JB,,15F,WINDOW,ECONOMY,,,f5da6796-de0d-47d9-9694-279ae507bc3c,765155ec-70b3-4183-9cd3-10d1f5127405,be38c6f9-3dd7-41e2-baf8-929dbd2b54f3,85570a14-2373-4bad-a7b5-b3a9a7fdce90,,dd390a1f-e92a-4411-ab72-04db16d42030
2024-07-28,DAL,2729,MCO,DCA,B,71,2,B18,false,,2024-07-28T19:36,2024-07-28T21:39,2024-07-28T19:46,2024-07-28T21:54,2024-07-28T21:25,2024-07-28T23:41,2024-07-28T22:00,2024-07-28T23:44,Airbus A319,N336NB,,15A,WINDOW,,,,ddf81401-4d4c-4d7f-ab24-73ea9e90cea5,a8765091-d043-44b1-936c-d217bb519e56,85570a14-2373-4bad-a7b5-b3a9a7fdce90,be38c6f9-3dd7-41e2-baf8-929dbd2b54f3,,fb8254ff-1d83-4fe1-a147-882c217dfcbe
2024-07-31,DAL,1435,DCA,DTW,2,B22,E,A15,false,,2024-07-31T06:22,2024-07-31T06:13,2024-07-31T06:32,2024-07-31T06:28,2024-07-31T07:37,2024-07-31T07:31,2024-07-31T07:55,2024-07-31T07:39,Airbus A319,N347NB,H59IR2,16F,WINDOW,CREW,,,a3bf6979-dcd3-4988-8f42-6b698d7c52c7,a8765091-d043-44b1-936c-d217bb519e56,be38c6f9-3dd7-41e2-baf8-929dbd2b54f3,8eee2bc8-dcbf-4b7b-a221-e38cce7c823a,,fb8254ff-1d83-4fe1-a147-882c217dfcbe
2024-07-31,DAL,3858,DTW,MDW,E,B11,Main,A5,false,,2024-07-31T08:25,2024-07-31T08:22,2024-07-31T08:35,2024-07-31T08:44,2024-07-31T08:23,2024-07-31T08:31,2024-07-31T08:38,2024-07-31T08:36,Embraer 175,N320SY,H59IR2,10C,AISLE,CREW,,,8e65c2b9-60fd-4616-ac52-0bbd12df27c3,a8765091-d043-44b1-936c-d217bb519e56,8eee2bc8-dcbf-4b7b-a221-e38cce7c823a,b1bccd34-3f11-416a-998f-65cc527ca2a0,,36728d5b-40cd-46ec-93ba-8822376b565d
2024-08-05,DAL,3649,MDW,DTW,Main,A7,E,B11,false,,2024-08-05T09:32,2024-08-05T09:39,2024-08-05T09:42,2024-08-05T10:19,2024-08-05T11:33,2024-08-05T12:17,2024-08-05T11:44,2024-08-05T12:24,Embraer 175,N312SY,,07B,AISLE,CREW,,,73b83af0-5849-45a9-ad98-1fc194ba17af,a8765091-d043-44b1-936c-d217bb519e56,b1bccd34-3f11-416a-998f-65cc527ca2a0,8eee2bc8-dcbf-4b7b-a221-e38cce7c823a,,36728d5b-40cd-46ec-93ba-8822376b565d
2024-08-05,DAL,1454,DTW,DCA,E,A11,2,B17,false,,2024-08-05T15:24,2024-08-05T16:14,2024-08-05T15:34,2024-08-05T16:33,2024-08-05T16:41,2024-08-05T17:33,2024-08-05T16:59,2024-08-05T17:46,Airbus A320,N370NW,,29E,MIDDLE,CREW,,,71108938-7f07-432d-aa90-9c2748f0b254,a8765091-d043-44b1-936c-d217bb519e56,8eee2bc8-dcbf-4b7b-a221-e38cce7c823a,be38c6f9-3dd7-41e2-baf8-929dbd2b54f3,,dd390a1f-e92a-4411-ab72-04db16d42030
2024-08-10,DAL,924,DCA,MCO,2,B19,B,76,false,,2024-08-10T17:59,2024-08-10T17:53,2024-08-10T18:09,2024-08-10T18:05,2024-08-10T20:30,2024-08-10T20:18,2024-08-10T20:29,2024-08-10T20:25,Airbus A319,N322NB,,10D,AISLE,CREW,,,ab8ee40c-6513-4327-b730-841c2d293469,a8765091-d043-44b1-936c-d217bb519e56,be38c6f9-3dd7-41e2-baf8-929dbd2b54f3,85570a14-2373-4bad-a7b5-b3a9a7fdce90,,fb8254ff-1d83-4fe1-a147-882c217dfcbe
2024-08-18,DAL,1446,MCO,ATL,B,82,S,A30,false,,2024-08-18T07:00,2024-08-18T07:38,2024-08-18T07:10,2024-08-18T07:57,2024-08-18T08:12,2024-08-18T09:01,2024-08-18T08:34,2024-08-18T09:18,Boeing 757-300,N594NW,,47F,WINDOW,CREW,,,192505d6-bab6-4c33-a8c2-fee9bb8512c0,a8765091-d043-44b1-936c-d217bb519e56,85570a14-2373-4bad-a7b5-b3a9a7fdce90,6f0c1d11-cfef-4b33-b462-90379270f593,,0e3e6575-bd45-480c-bd83-360ac9fc02d2
2024-08-18,DAL,1147,ATL,ORD,S,T1,5,M6,false,,2024-08-18T10:10,2024-08-18T10:43,2024-08-18T10:20,2024-08-18T10:57,2024-08-18T10:59,2024-08-18T11:28,2024-08-18T11:12,2024-08-18T11:45,Boeing 757-200,N686DA,,21E,MIDDLE,CREW,,,7871542b-0157-4128-99f0-fc431d337cec,a8765091-d043-44b1-936c-d217bb519e56,6f0c1d11-cfef-4b33-b462-90379270f593,a5eff314-18e7-4c87-bd38-0131882f1b8d,,2c3a4012-9fb9-44fc-9a71-0b6cb336042e
2024-08-23,DAL,1178,ORD,ATL,5,M8,S,B34,false,,2024-08-23T09:22,2024-08-23T09:29,2024-08-23T09:32,2024-08-23T09:42,2024-08-23T11:52,2024-08-23T12:06,2024-08-23T12:17,2024-08-23T12:11,Airbus A321,N373DX,,38D,AISLE,CREW,,,3dbc2985-cd51-4a15-9593-43f4d6188756,a8765091-d043-44b1-936c-d217bb519e56,a5eff314-18e7-4c87-bd38-0131882f1b8d,6f0c1d11-cfef-4b33-b462-90379270f593,,5904cdc2-eccf-41fe-8345-e82a51d3269c
2024-08-23,DAL,1263,ATL,RIC,S,A20,Main,B15,false,,2024-08-23T19:25,2024-08-23T19:20,2024-08-23T19:35,2024-08-23T19:35,2024-08-23T20:38,2024-08-23T20:42,2024-08-23T20:56,2024-08-23T20:47,Boeing 757-200,N6710E,,42F,WINDOW,CREW,,,b8ed5152-d246-48f2-b626-e8f62035cbb3,a8765091-d043-44b1-936c-d217bb519e56,6f0c1d11-cfef-4b33-b462-90379270f593,251bd012-ff1b-4fd6-aa7f-c7b9112eddad,,2c3a4012-9fb9-44fc-9a71-0b6cb336042e
2024-08-26,DAL,5697,RIC,BOS,Main,B13,A,A1,false,,2024-08-26T06:23,2024-08-26T06:28,2024-08-26T06:33,2024-08-26T06:42,2024-08-26T07:40,2024-08-26T07:55,2024-08-26T08:10,2024-08-26T08:12,Embraer 170,N815MD,,04C,AISLE,CREW,,,40c3cd83-0a31-4916-afe9-b04b9051c290,a8765091-d043-44b1-936c-d217bb519e56,251bd012-ff1b-4fd6-aa7f-c7b9112eddad,813ec62f-c303-44d9-a041-a4434d6fd652,,2acf1934-38ee-4709-8efa-7018f9be5222
2024-08-31,DAL,5676,BOS,RIC,A,A7,Main,B13,false,,2024-08-31T14:20,2024-08-31T14:12,2024-08-31T14:30,2024-08-31T14:25,2024-08-31T15:35,2024-08-31T15:43,2024-08-31T16:14,2024-08-31T15:47,Embraer 175,N220JQ,,20C,AISLE,CREW,,,cd3f08bc-5838-491a-9d71-417391c5866b,a8765091-d043-44b1-936c-d217bb519e56,813ec62f-c303-44d9-a041-a4434d6fd652,251bd012-ff1b-4fd6-aa7f-c7b9112eddad,,36728d5b-40cd-46ec-93ba-8822376b565d
2024-09-02,DAL,5665,RIC,BOS,Main,B13,A,A6,false,,2024-09-02T11:59,2024-09-02T11:58,2024-09-02T12:09,2024-09-02T12:17,2024-09-02T13:12,2024-09-02T13:23,2024-09-02T13:44,2024-09-02T13:32,Embraer 175,N233JQ,,01A,WINDOW,CREW,,,eac4825e-a6fa-4e80-bcc4-856ecc510f97,a8765091-d043-44b1-936c-d217bb519e56,251bd012-ff1b-4fd6-aa7f-c7b9112eddad,813ec62f-c303-44d9-a041-a4434d6fd652,,36728d5b-40cd-46ec-93ba-8822376b565d
2024-09-14,DAL,1570,BOS,MCO,A,A15,B,73,false,,2024-09-14T12:00,2024-09-14T15:24,2024-09-14T12:10,2024-09-14T15:55,2024-09-14T14:46,2024-09-14T18:51,2024-09-14T15:05,2024-09-14T18:59,Airbus A321,N320DN,H42878,38EFG,AISLE,CREW,,,8dffb25b-be74-4034-b876-68f5064d38be,a8765091-d043-44b1-936c-d217bb519e56,813ec62f-c303-44d9-a041-a4434d6fd652,85570a14-2373-4bad-a7b5-b3a9a7fdce90,,5904cdc2-eccf-41fe-8345-e82a51d3269c
2024-09-28,DAL,1494,MCO,ATL,B,74,S,A5,false,,2024-09-28T06:15,2024-09-28T06:16,2024-09-28T06:25,2024-09-28T06:40,2024-09-28T07:25,2024-09-28T07:38,2024-09-28T07:43,2024-09-28T07:43,Boeing 757-200,N535US,,27F,WINDOW,CREW,,,634b67d4-e31f-4273-9ae6-49029037901d,a8765091-d043-44b1-936c-d217bb519e56,85570a14-2373-4bad-a7b5-b3a9a7fdce90,6f0c1d11-cfef-4b33-b462-90379270f593,,2c3a4012-9fb9-44fc-9a71-0b6cb336042e
2024-09-28,DAL,1063,ATL,MDW,S,D11,Main,A5,false,,2024-09-28T08:48,2024-09-28T08:41,2024-09-28T08:58,2024-09-28T08:52,2024-09-28T09:15,2024-09-28T09:17,2024-09-28T09:41,2024-09-28T09:22,Boeing 717-200,N947AT,,29B,AISLE,CREW,,,6556e750-c647-461c-84ab-1ccbaad723d1,a8765091-d043-44b1-936c-d217bb519e56,6f0c1d11-cfef-4b33-b462-90379270f593,b1bccd34-3f11-416a-998f-65cc527ca2a0,,92a68bee-2e3c-4fc9-975a-20b0d93ac3ed
2024-10-11,DAL,1285,MDW,ATL,Main,A5,S,D8A,false,,2024-10-11T06:00,2024-10-11T06:51,2024-10-11T06:10,2024-10-11T07:07,2024-10-11T08:36,2024-10-11T09:28,2024-10-11T08:55,2024-10-11T09:35,Boeing 717-200,N964AT,H87HF2,29E,WINDOW,CREW,,,05d3f31e-a2b0-417f-ae9f-47ee1b582750,a8765091-d043-44b1-936c-d217bb519e56,b1bccd34-3f11-416a-998f-65cc527ca2a0,6f0c1d11-cfef-4b33-b462-90379270f593,,92a68bee-2e3c-4fc9-975a-20b0d93ac3ed
2024-10-11,DAL,1358,ATL,RIC,S,A2,Main,B14,false,,2024-10-11T15:37,2024-10-11T15:39,2024-10-11T15:47,2024-10-11T15:50,2024-10-11T16:49,2024-10-11T16:54,2024-10-11T17:08,2024-10-11T17:03,Boeing 757-200,N548US,,35F,AISLE,CREW,,,7a5189b3-1827-478b-8ab5-52f93e51fa52,a8765091-d043-44b1-936c-d217bb519e56,6f0c1d11-cfef-4b33-b462-90379270f593,251bd012-ff1b-4fd6-aa7f-c7b9112eddad,,2c3a4012-9fb9-44fc-9a71-0b6cb336042e
2024-10-14,DAL,2177,RIC,ATL,Main,B14,S,A6,false,,2024-10-14T12:49,2024-10-14T12:44,2024-10-14T12:59,2024-10-14T13:03,2024-10-14T14:15,2024-10-14T14:19,2024-10-14T14:32,2024-10-14T14:22,Boeing 757-200,N554NW,,,,,,,79ec8aad-5a09-4bee-910f-0597cab1d5c1,a8765091-d043-44b1-936c-d217bb519e56,251bd012-ff1b-4fd6-aa7f-c7b9112eddad,6f0c1d11-cfef-4b33-b462-90379270f593,,2c3a4012-9fb9-44fc-9a71-0b6cb336042e
2024-10-14,DAL,2738,ATL,ORD,S,D23,5,M7,false,,2024-10-14T15:37,2024-10-14T15:37,2024-10-14T15:47,2024-10-14T15:57,2024-10-14T16:32,2024-10-14T16:32,2024-10-14T16:38,2024-10-14T16:41,Boeing 737-900ER,N863DN,,14D,AISLE,CREW,,,aa07d502-4a6f-4819-9898-96be2b1b344b,a8765091-d043-44b1-936c-d217bb519e56,6f0c1d11-cfef-4b33-b462-90379270f593,a5eff314-18e7-4c87-bd38-0131882f1b8d,,24012541-435d-4a27-af8a-4791336f1965
2024-10-25,DAL,1285,MDW,ATL,Main,A5,S,B6,false,,2024-10-25T06:00,2024-10-25T05:56,2024-10-25T06:10,2024-10-25T06:07,2024-10-25T08:37,2024-10-25T08:30,2024-10-25T08:55,2024-10-25T08:37,Boeing 717-200,N922AT,,19C,AISLE,CREW,,,514371b5-8437-4d8c-8051-9249de9741cf,a8765091-d043-44b1-936c-d217bb519e56,b1bccd34-3f11-416a-998f-65cc527ca2a0,6f0c1d11-cfef-4b33-b462-90379270f593,,92a68bee-2e3c-4fc9-975a-20b0d93ac3ed
2024-10-25,DAL,2177,ATL,RIC,S,A20,Main,B14,false,,2024-10-25T10:10,2024-10-25T10:09,2024-10-25T10:20,2024-10-25T10:30,2024-10-25T11:21,2024-10-25T11:37,2024-10-25T11:44,2024-10-25T11:42,Boeing 757-200,N676DL,,45D,AISLE,CREW,,,1ddfc614-4444-4bda-aaff-db6655ca058c,a8765091-d043-44b1-936c-d217bb519e56,6f0c1d11-cfef-4b33-b462-90379270f593,251bd012-ff1b-4fd6-aa7f-c7b9112eddad,,2c3a4012-9fb9-44fc-9a71-0b6cb336042e
2024-10-28,DAL,3677,RIC,MSP,Main,B10,1,C19,false,,2024-10-28T07:20,2024-10-28T07:17,2024-10-28T07:30,2024-10-28T07:55,2024-10-28T09:00,2024-10-28T09:22,2024-10-28T09:28,2024-10-28T09:25,Embraer 175,N252SY,,5D,WINDOW,CREW,,,5c177f64-e287-4ecf-b238-8f2aa155b958,a8765091-d043-44b1-936c-d217bb519e56,251bd012-ff1b-4fd6-aa7f-c7b9112eddad,e6471588-a4ac-43ed-85de-adb08f1c3410,,36728d5b-40cd-46ec-93ba-8822376b565d
2024-10-28,DAL,1567,MSP,ORD,1,F15,5,M3,false,,2024-10-28T10:17,2024-10-28T10:11,2024-10-28T10:27,2024-10-28T10:24,2024-10-28T11:24,2024-10-28T11:16,2024-10-28T11:46,2024-10-28T11:28,Boeing 717-200,N939AT,,,,,,,36593d6c-b5ea-4e17-8bee-3b7f8325050a,a8765091-d043-44b1-936c-d217bb519e56,e6471588-a4ac-43ed-85de-adb08f1c3410,a5eff314-18e7-4c87-bd38-0131882f1b8d,,92a68bee-2e3c-4fc9-975a-20b0d93ac3ed
2024-10-28,DAL,1533,MSP,ORD,1,C4,5,M3,false,,2024-10-28T13:15,2024-10-28T13:19,2024-10-28T13:25,2024-10-28T13:31,2024-10-28T14:29,2024-10-28T14:24,2024-10-28T14:47,2024-10-28T14:40,Boeing 717-200,N607AT,,,,,,,da882e7e-111a-4f51-82bd-fe6290c417ef,a8765091-d043-44b1-936c-d217bb519e56,e6471588-a4ac-43ed-85de-adb08f1c3410,a5eff314-18e7-4c87-bd38-0131882f1b8d,,92a68bee-2e3c-4fc9-975a-20b0d93ac3ed
2024-10-28,DAL,1471,MSP,ORD,1,F11,5,M11,false,,2024-10-28T15:20,2024-10-28T15:16,2024-10-28T15:30,2024-10-28T15:43,2024-10-28T16:35,2024-10-28T16:39,2024-10-28T16:49,2024-10-28T16:57,Airbus A220-100,N135DQ,,23C,AISLE,CREW,,,d977facd-463f-4f8e-a56e-603f6e51506e,a8765091-d043-44b1-936c-d217bb519e56,e6471588-a4ac-43ed-85de-adb08f1c3410,a5eff314-18e7-4c87-bd38-0131882f1b8d,,08f3690a-67fe-4be4-8138-cc20b688f722
2024-11-01,DAL,1285,MDW,ATL,Main,A5,S,D13,false,,2024-11-01T06:00,2024-11-01T06:00,2024-11-01T06:10,2024-11-01T06:13,2024-11-01T08:37,2024-11-01T08:37,2024-11-01T08:58,2024-11-01T08:44,Boeing 717-200,N946AT,,25D,MIDDLE,CREW,,,5fc5d6f7-8725-42df-9b91-08ff50c434c4,a8765091-d043-44b1-936c-d217bb519e56,b1bccd34-3f11-416a-998f-65cc527ca2a0,6f0c1d11-cfef-4b33-b462-90379270f593,,92a68bee-2e3c-4fc9-975a-20b0d93ac3ed
2024-11-01,DAL,1358,ATL,RIC,S,A30,Main,B14,false,,2024-11-01T15:37,2024-11-01T15:32,2024-11-01T15:47,2024-11-01T15:53,2024-11-01T16:53,2024-11-01T16:58,2024-11-01T17:08,2024-11-01T17:03,Boeing 757-200,N676DL,,45F,WINDOW,CREW,,,dc765fc1-6d9f-4abd-a36c-d98696f0f141,a8765091-d043-44b1-936c-d217bb519e56,6f0c1d11-cfef-4b33-b462-90379270f593,251bd012-ff1b-4fd6-aa7f-c7b9112eddad,,2c3a4012-9fb9-44fc-9a71-0b6cb336042e
2024-11-03,SWA,1107,RIC,MDW,Main,A15,Main,B8,false,,2024-11-03T07:10,2024-11-03T07:11,2024-11-03T07:20,2024-11-03T07:26,2024-11-03T07:59,2024-11-03T08:06,2024-11-03T08:20,2024-11-03T08:12,Boeing 737-700,N7831B,,,,,,,0fe42586-fb6d-4086-9cf9-ad344fc347d7,be4c4286-2c02-4dca-86d4-56e19aa348f7,251bd012-ff1b-4fd6-aa7f-c7b9112eddad,b1bccd34-3f11-416a-998f-65cc527ca2a0,,886c3a0c-c7a3-4205-982f-35cddc765ae1
2024-11-04,SWA,1107,RIC,MDW,Main,A15,Main,B24,false,,2024-11-04T07:35,2024-11-04T07:33,2024-11-04T07:45,2024-11-04T07:42,2024-11-04T08:33,2024-11-04T08:14,2024-11-04T08:45,2024-11-04T08:20,Boeing 737-700,N7747C,,1E,MIDDLE,CREW,,,6d86ad5d-5601-44d7-889e-91c90adf056c,be4c4286-2c02-4dca-86d4-56e19aa348f7,251bd012-ff1b-4fd6-aa7f-c7b9112eddad,b1bccd34-3f11-416a-998f-65cc527ca2a0,,886c3a0c-c7a3-4205-982f-35cddc765ae1
2024-11-26,DAL,1285,MDW,ATL,Main,A5,S,C42,false,,2024-11-26T06:00,2024-11-26T05:47,2024-11-26T06:10,2024-11-26T05:57,2024-11-26T08:35,2024-11-26T08:23,2024-11-26T08:54,2024-11-26T08:33,Boeing 717-200,N954AT,F7ZOBM,19E,WINDOW,CREW,,,9d411cd9-b199-4905-a944-00b2437ec12f,a8765091-d043-44b1-936c-d217bb519e56,b1bccd34-3f11-416a-998f-65cc527ca2a0,6f0c1d11-cfef-4b33-b462-90379270f593,,92a68bee-2e3c-4fc9-975a-20b0d93ac3ed
2024-11-26,DAL,1658,ATL,MCO,S,A17,B,72,false,,2024-11-26T09:20,2024-11-26T09:56,2024-11-26T09:30,2024-11-26T10:15,2024-11-26T10:29,2024-11-26T11:18,2024-11-26T10:49,2024-11-26T11:29,Boeing 757-200,N670DN,F7ZOBM,1C,AISLE,CREW,,,a72ee0eb-f707-44c3-894a-e08806dace37,a8765091-d043-44b1-936c-d217bb519e56,6f0c1d11-cfef-4b33-b462-90379270f593,85570a14-2373-4bad-a7b5-b3a9a7fdce90,,2c3a4012-9fb9-44fc-9a71-0b6cb336042e
2024-12-01,DAL,2845,MCO,DTW,B,71,E,A66,false,,2024-12-01T08:20,2024-12-01T08:16,2024-12-01T08:30,2024-12-01T08:32,2024-12-01T10:58,2024-12-01T10:57,2024-12-01T10:57,2024-12-01T11:13,Boeing 757-300,N589NW,GIC6I9,41A,WINDOW,CREW,,,f6dac46f-f94f-4141-b062-8bf9ca2156a3,a8765091-d043-44b1-936c-d217bb519e56,85570a14-2373-4bad-a7b5-b3a9a7fdce90,8eee2bc8-dcbf-4b7b-a221-e38cce7c823a,,0e3e6575-bd45-480c-bd83-360ac9fc02d2
2024-12-01,DAL,3867,DTW,MDW,E,B15,Main,A7,false,,2024-12-01T12:31,2024-12-01T12:54,2024-12-01T12:41,2024-12-01T13:10,2024-12-01T12:27,2024-12-01T12:54,2024-12-01T12:49,2024-12-01T12:59,Embraer 175,N302SY,GIC6I9,11D,WINDOW,CREW,,,50e75256-41e0-4fe3-a3de-51b7339f6248,a8765091-d043-44b1-936c-d217bb519e56,8eee2bc8-dcbf-4b7b-a221-e38cce7c823a,b1bccd34-3f11-416a-998f-65cc527ca2a0,,36728d5b-40cd-46ec-93ba-8822376b565d
2024-12-03,DAL,1739,MDW,ATL,Main,A5,S,C46,false,,2024-12-03T17:00,2024-12-03T16:55,2024-12-03T17:10,2024-12-03T17:10,2024-12-03T19:31,2024-12-03T19:30,2024-12-03T19:53,2024-12-03T19:40,Boeing 717-200,N933AT,F93EVS,23B,AISLE,ECONOMY,,,823b5bb3-d949-47f3-bb15-006aca10272e,a8765091-d043-44b1-936c-d217bb519e56,b1bccd34-3f11-416a-998f-65cc527ca2a0,6f0c1d11-cfef-4b33-b462-90379270f593,,92a68bee-2e3c-4fc9-975a-20b0d93ac3ed
2024-12-04,DAL,1739,ATL,MDW,S,D25,Main,A5,false,,2024-12-04T15:19,2024-12-04T15:13,2024-12-04T15:29,2024-12-04T15:29,2024-12-04T15:56,2024-12-04T16:02,2024-12-04T16:15,2024-12-04T16:07,Boeing 717-200,N930AT,F93EVS,,,,,,d33fb06f-f152-4eeb-ba1e-868bd4d2f3c8,a8765091-d043-44b1-936c-d217bb519e56,6f0c1d11-cfef-4b33-b462-90379270f593,b1bccd34-3f11-416a-998f-65cc527ca2a0,,92a68bee-2e3c-4fc9-975a-20b0d93ac3ed
2024-12-12,SWA,4396,MDW,RIC,Main,B17,Main,B7,false,,2024-12-12T18:15,2024-12-12T18:18,2024-12-12T18:25,2024-12-12T18:28,2024-12-12T20:58,2024-12-12T20:49,2024-12-12T21:05,2024-12-12T20:56,Boeing 737-700,N401WN,,20C,AISLE,CREW,,,7e743355-a39d-4542-9799-70bb6e0db9b4,be4c4286-2c02-4dca-86d4-56e19aa348f7,b1bccd34-3f11-416a-998f-65cc527ca2a0,251bd012-ff1b-4fd6-aa7f-c7b9112eddad,,886c3a0c-c7a3-4205-982f-35cddc765ae1
2024-12-16,JBU,969,RIC,MCO,Main,A4,C,233,false,,2024-12-16T16:16,2024-12-16T16:15,2024-12-16T16:29,2024-12-16T16:31,2024-12-16T18:03,2024-12-16T18:20,2024-12-16T18:35,2024-12-16T18:20,Airbus A320,N597JB,DNHJCF,,,,,,701586eb-b95d-44c5-b141-8de41aa7f9dd,765155ec-70b3-4183-9cd3-10d1f5127405,251bd012-ff1b-4fd6-aa7f-c7b9112eddad,85570a14-2373-4bad-a7b5-b3a9a7fdce90,,dd390a1f-e92a-4411-ab72-04db16d42030
2025-01-02,DAL,2693,MCO,JFK,B,72,4,B42,false,,2025-01-02T06:00,2025-01-02T06:14,2025-01-02T06:18,2025-01-02T06:35,2025-01-02T08:20,2025-01-02T08:28,2025-01-02T08:39,2025-01-02T08:42,Airbus A321,N367DN,HZEPJV,16A,WINDOW,ECONOMY,CREW,,4ed5235a-a198-440c-9c44-f0642fc87926,a8765091-d043-44b1-936c-d217bb519e56,85570a14-2373-4bad-a7b5-b3a9a7fdce90,fc332185-4dde-4791-b449-0de5e83e47b9,,5904cdc2-eccf-41fe-8345-e82a51d3269c
2025-01-02,DAL,5600,JFK,ORD,4,B53,5,M2,false,,2025-01-02T10:51,2025-01-02T10:56,2025-01-02T11:01,2025-01-02T11:13,2025-01-02T11:58,2025-01-02T12:18,2025-01-02T12:45,2025-01-02T12:24,Embraer 175,N204JQ,HZEPJV,08A,WINDOW,PREMIUM_ECONOMY,CREW,,5a77f5e0-1ec5-4322-a442-7bb433f853d5,a8765091-d043-44b1-936c-d217bb519e56,fc332185-4dde-4791-b449-0de5e83e47b9,a5eff314-18e7-4c87-bd38-0131882f1b8d,,36728d5b-40cd-46ec-93ba-8822376b565d
2025-01-17,SWA,4396,MDW,RIC,Main,B10,Main,B9,false,,2025-01-17T18:20,2025-01-17T18:15,2025-01-17T18:30,2025-01-17T18:26,2025-01-17T21:00,2025-01-17T20:45,2025-01-17T21:15,2025-01-17T20:51,Boeing 737-700,N288WN,3YLJJQ,,WINDOW,ECONOMY,CREW,,c51d40c6-ba6d-4eb2-bdb7-acbfc82dd1ce,be4c4286-2c02-4dca-86d4-56e19aa348f7,b1bccd34-3f11-416a-998f-65cc527ca2a0,251bd012-ff1b-4fd6-aa7f-c7b9112eddad,,886c3a0c-c7a3-4205-982f-35cddc765ae1
2025-01-21,SWA,1107,RIC,MDW,Main,A11,Main,A4A,false,,2025-01-21T07:50,2025-01-21T07:48,2025-01-21T08:00,2025-01-21T07:58,2025-01-21T08:53,2025-01-21T08:48,2025-01-21T09:05,2025-01-21T09:01,Boeing 737-800,N8322X,4FCIWU,,,,,,a8f63751-d0cc-4025-be4e-cde7d2253089,be4c4286-2c02-4dca-86d4-56e19aa348f7,251bd012-ff1b-4fd6-aa7f-c7b9112eddad,b1bccd34-3f11-416a-998f-65cc527ca2a0,,8ad8530e-acd0-42bf-abc5-1e70c4a076bf
2025-01-31,DAL,1739,MDW,ATL,Main,A5,S,D7,false,,2025-01-31T17:07,2025-01-31T16:57,2025-01-31T17:17,2025-01-31T17:09,2025-01-31T19:45,2025-01-31T19:43,2025-01-31T20:12,2025-01-31T20:03,Boeing 717-200,N919AT,GFDIUN,18B,AISLE,ECONOMY,CREW,,e7ad8243-d57b-4183-aba4-ee503aa08047,a8765091-d043-44b1-936c-d217bb519e56,b1bccd34-3f11-416a-998f-65cc527ca2a0,6f0c1d11-cfef-4b33-b462-90379270f593,,92a68bee-2e3c-4fc9-975a-20b0d93ac3ed
2025-01-31,DAL,1426,ATL,RIC,S,E37,Main,B13,false,,2025-01-31T20:50,2025-01-31T21:26,2025-01-31T21:00,2025-01-31T21:42,2025-01-31T21:59,2025-01-31T22:42,2025-01-31T22:20,2025-01-31T22:48,Boeing 737-900ER,N845DN,GFDIUN,21F,WINDOW,ECONOMY,CREW,,5b5dc54f-c81f-4b2a-a563-c5540c3f01ee,a8765091-d043-44b1-936c-d217bb519e56,6f0c1d11-cfef-4b33-b462-90379270f593,251bd012-ff1b-4fd6-aa7f-c7b9112eddad,,24012541-435d-4a27-af8a-4791336f1965
2025-02-02,DAL,5327,RIC,LGA,Main,B10,C,72,false,,2025-02-02T17:23,2025-02-02T17:11,2025-02-02T17:33,2025-02-02T17:36,2025-02-02T18:14,2025-02-02T18:17,2025-02-02T18:54,2025-02-02T18:25,"Bombardier CRJ900 ",N479PX,GBFX3W,5B,AISLE,PREMIUM_ECONOMY,CREW,,bd896e40-eb48-4732-859f-9693a3184fa9,a8765091-d043-44b1-936c-d217bb519e56,251bd012-ff1b-4fd6-aa7f-c7b9112eddad,dfeb8457-3376-49f8-b542-dbeb2ec9f719,,8a4bd3f7-3aac-4e32-8a52-07e5525b36e3
2025-02-02,DAL,2806,LGA,ORD,C,86,5,M11,false,,2025-02-02T20:45,2025-02-02T20:36,2025-02-02T20:55,2025-02-02T22:48,2025-02-02T22:03,2025-02-02T23:49,2025-02-02T22:36,2025-02-02T23:56,Airbus A220-100,N142DU,GBFX3W,12E,WINDOW,PREMIUM_ECONOMY,CREW,,cb3c53cf-27fe-4904-bcbb-9752cdba1267,a8765091-d043-44b1-936c-d217bb519e56,dfeb8457-3376-49f8-b542-dbeb2ec9f719,a5eff314-18e7-4c87-bd38-0131882f1b8d,,08f3690a-67fe-4be4-8138-cc20b688f722
2025-02-21,DAL,1739,MDW,ATL,Main,A7,S,D25,false,,2025-02-21T17:05,2025-02-21T17:00,2025-02-21T17:15,2025-02-21T17:07,2025-02-21T20:00,2025-02-21T19:31,2025-02-21T20:10,2025-02-21T19:40,Boeing 717-200,N992AT,,22C,AISLE,ECONOMY,CREW,,2fb7f13f-c8fa-4e8d-a17a-f5b0de65974b,a8765091-d043-44b1-936c-d217bb519e56,b1bccd34-3f11-416a-998f-65cc527ca2a0,6f0c1d11-cfef-4b33-b462-90379270f593,,92a68bee-2e3c-4fc9-975a-20b0d93ac3ed
2025-02-21,DAL,1426,ATL,RIC,S,E34,Main,B13,false,,2025-02-21T20:50,2025-02-21T21:18,2025-02-21T21:00,2025-02-21T21:38,2025-02-21T22:08,2025-02-21T22:42,2025-02-21T22:18,2025-02-21T22:50,Boeing 737-900ER,N816DN,,16F,WINDOW,ECONOMY,CREW,,c835a1bb-c19a-4394-914c-100f6df4eae4,a8765091-d043-44b1-936c-d217bb519e56,6f0c1d11-cfef-4b33-b462-90379270f593,251bd012-ff1b-4fd6-aa7f-c7b9112eddad,,24012541-435d-4a27-af8a-4791336f1965
2025-02-23,DAL,4103,RIC,DTW,Main,B12,E,C27,false,,2025-02-23T12:50,2025-02-23T12:48,2025-02-23T13:00,2025-02-23T13:02,2025-02-23T14:37,2025-02-23T14:25,2025-02-23T14:47,2025-02-23T14:36,Bombardier CRJ700,N776SK,,12D,WINDOW,ECONOMY,CREW,,3cd3038d-e962-4436-8ee1-79639c9be385,a8765091-d043-44b1-936c-d217bb519e56,251bd012-ff1b-4fd6-aa7f-c7b9112eddad,8eee2bc8-dcbf-4b7b-a221-e38cce7c823a,,1404a49a-a829-47ff-b37b-6c9273f21c77
2025-02-23,DAL,3869,DTW,MDW,E,B19,Main,A5,false,,2025-02-23T17:50,2025-02-23T17:42,2025-02-23T18:00,2025-02-23T17:59,2025-02-23T18:01,2025-02-23T17:47,2025-02-23T18:11,2025-02-23T17:52,Embraer 175,N317SY,,7C,AISLE,PREMIUM_ECONOMY,CREW,,60d0ff6d-d0b5-4eb5-8964-9636ce972357,a8765091-d043-44b1-936c-d217bb519e56,8eee2bc8-dcbf-4b7b-a221-e38cce7c823a,b1bccd34-3f11-416a-998f-65cc527ca2a0,,36728d5b-40cd-46ec-93ba-8822376b565d
2025-03-17,SWA,1706,MDW,DCA,Main,B5,Main,,true,,2025-03-17T07:30,,2025-03-17T07:40,,2025-03-17T10:05,,2025-03-17T10:15,,Boeing 737-700,N7827A,4RJTJT,,,,,,48113443-19b7-4b33-abf3-17b03fb320fe,be4c4286-2c02-4dca-86d4-56e19aa348f7,b1bccd34-3f11-416a-998f-65cc527ca2a0,be38c6f9-3dd7-41e2-baf8-929dbd2b54f3,,886c3a0c-c7a3-4205-982f-35cddc765ae1
2025-03-17,SWA,3597,MDW,STL,Main,B25,,E8,false,,2025-03-17T09:20,2025-03-17T09:16,2025-03-17T09:30,2025-03-17T09:29,2025-03-17T10:25,2025-03-17T10:16,2025-03-17T10:35,2025-03-17T10:31,Boeing 737-700,N440LV,,20B,MIDDLE,ECONOMY,CREW,Val and Is first flight together (we sat separately unfortunately),92c5cf37-1aab-437c-b6bf-3dcd44b97636,be4c4286-2c02-4dca-86d4-56e19aa348f7,b1bccd34-3f11-416a-998f-65cc527ca2a0,30c8d2d4-ab3c-4e75-bfff-7786e54941ae,,886c3a0c-c7a3-4205-982f-35cddc765ae1
2025-03-17,SWA,2738,STL,DCA,2,E16,1,A6,false,,2025-03-17T16:00,2025-03-17T16:43,2025-03-17T16:08,2025-03-17T16:54,2025-03-17T18:46,2025-03-17T19:33,2025-03-17T18:55,2025-03-17T19:48,Boeing 737-800,N8603F,,30D,MIDDLE,ECONOMY,CREW,,b74aab87-53b0-456b-9975-dec4dc4859b8,be4c4286-2c02-4dca-86d4-56e19aa348f7,30c8d2d4-ab3c-4e75-bfff-7786e54941ae,be38c6f9-3dd7-41e2-baf8-929dbd2b54f3,,8ad8530e-acd0-42bf-abc5-1e70c4a076bf
2025-03-24,SWA,1717,RIC,MDW,Main,B5,Main,B7,false,,2025-03-24T07:30,2025-03-24T07:27,2025-03-24T07:40,2025-03-24T07:38,2025-03-24T08:25,2025-03-24T08:20,2025-03-24T08:35,2025-03-24T08:26,Boeing 737-700,N217JC,,20C,AISLE,ECONOMY,CREW,,24476f64-bab6-47ec-89f2-1255b03cd9d7,be4c4286-2c02-4dca-86d4-56e19aa348f7,251bd012-ff1b-4fd6-aa7f-c7b9112eddad,b1bccd34-3f11-416a-998f-65cc527ca2a0,,886c3a0c-c7a3-4205-982f-35cddc765ae1
2025-04-04,DAL,2307,MDW,ATL,Main,A7,S,C37,false,,2025-04-04T16:59,2025-04-04T16:52,2025-04-04T17:09,2025-04-04T17:03,2025-04-04T19:45,2025-04-04T19:30,2025-04-04T19:55,2025-04-04T19:35,Boeing 717-200,N955AT,GCDC6T,14B,AISLE,ECONOMY,CREW,,0ccab765-21d0-4262-8288-bb6d5cefa2ac,a8765091-d043-44b1-936c-d217bb519e56,b1bccd34-3f11-416a-998f-65cc527ca2a0,6f0c1d11-cfef-4b33-b462-90379270f593,,92a68bee-2e3c-4fc9-975a-20b0d93ac3ed
2025-04-04,NKS,456,ATL,MCO,N,E1,A,8,false,,2025-04-04T21:53,2025-04-04T21:51,2025-04-04T22:03,2025-04-04T22:11,2025-04-04T23:19,2025-04-04T23:13,2025-04-04T23:29,2025-04-04T23:18,Airbus A320,N609NK,,14D,AISLE,PREMIUM_ECONOMY,CREW,,685efbd8-4367-4990-8e25-4c3ed4cb011d,ffe5c844-1817-47ed-ab7c-6b41364be364,6f0c1d11-cfef-4b33-b462-90379270f593,85570a14-2373-4bad-a7b5-b3a9a7fdce90,,dd390a1f-e92a-4411-ab72-04db16d42030
2025-04-06,SWA,1412,MCO,MDW,A,103,Main,A17,false,,2025-04-06T18:35,2025-04-06T18:41,2025-04-06T18:45,2025-04-06T19:08,2025-04-06T20:20,2025-04-06T20:24,2025-04-06T20:30,2025-04-06T20:32,Boeing 737-800,N8668A,,5E,MIDDLE,ECONOMY,CREW,,71dd5496-7922-4fbf-9e91-2c57570d4bc3,be4c4286-2c02-4dca-86d4-56e19aa348f7,85570a14-2373-4bad-a7b5-b3a9a7fdce90,b1bccd34-3f11-416a-998f-65cc527ca2a0,,8ad8530e-acd0-42bf-abc5-1e70c4a076bf
2025-04-11,DAL,3869,MDW,DTW,Main,A7,E,B21,false,,2025-04-11T18:42,2025-04-11T18:36,2025-04-11T18:52,2025-04-11T18:53,2025-04-11T20:40,2025-04-11T20:35,2025-04-11T20:50,2025-04-11T20:45,Embraer 175,N310SY,JMM9NM,07D,WINDOW,PREMIUM_ECONOMY,CREW,,677b9c5a-32e7-4316-be86-a99766f89882,a8765091-d043-44b1-936c-d217bb519e56,b1bccd34-3f11-416a-998f-65cc527ca2a0,8eee2bc8-dcbf-4b7b-a221-e38cce7c823a,,36728d5b-40cd-46ec-93ba-8822376b565d
2025-04-11,DAL,5088,DTW,RIC,E,B8,Main,B10,false,,2025-04-11T21:30,2025-04-11T21:25,2025-04-11T21:40,2025-04-11T21:40,2025-04-11T23:00,2025-04-11T22:54,2025-04-11T23:10,2025-04-11T23:01,"Bombardier CRJ900 ",N316PQ,JMM9NM,08A,WINDOW,PREMIUM_ECONOMY,CREW,,c297e611-eeee-4380-ba3b-23d9ecbd5b94,a8765091-d043-44b1-936c-d217bb519e56,8eee2bc8-dcbf-4b7b-a221-e38cce7c823a,251bd012-ff1b-4fd6-aa7f-c7b9112eddad,,8a4bd3f7-3aac-4e32-8a52-07e5525b36e3
2025-04-14,SWA,4671,RIC,MDW,Main,B5,Main,A4B,false,,2025-04-14T05:25,2025-04-14T06:02,2025-04-14T05:35,2025-04-14T06:11,2025-04-14T06:20,2025-04-14T06:54,2025-04-14T06:30,2025-04-14T07:00,Boeing 737-700,N228WN,,02D,AISLE,ECONOMY,CREW,Wheelchair basketball championship had a ton of extra seats that were open but booked because wheelchair,d2f6a6a1-e872-4079-ae23-c7d21149fac0,be4c4286-2c02-4dca-86d4-56e19aa348f7,251bd012-ff1b-4fd6-aa7f-c7b9112eddad,b1bccd34-3f11-416a-998f-65cc527ca2a0,,886c3a0c-c7a3-4205-982f-35cddc765ae1
2025-05-01,DAL,2060,MDW,ATL,Main,A5,S,D7,false,,2025-05-01T18:45,2025-05-01T18:35,2025-05-01T18:55,2025-05-01T18:52,2025-05-01T21:39,2025-05-01T21:20,2025-05-01T21:49,2025-05-01T21:30,Boeing 717-200,N978AT,GRQYV7,28A,WINDOW,ECONOMY,,,46237519-3dd1-4fa8-9a46-e4b654c4f84b,a8765091-d043-44b1-936c-d217bb519e56,b1bccd34-3f11-416a-998f-65cc527ca2a0,6f0c1d11-cfef-4b33-b462-90379270f593,,92a68bee-2e3c-4fc9-975a-20b0d93ac3ed
2025-05-01,DAL,1175,ATL,RIC,S,A19,Main,B14,false,,2025-05-01T22:52,2025-05-01T23:06,2025-05-01T23:02,2025-05-01T23:26,2025-05-02T00:15,2025-05-02T00:37,2025-05-02T00:25,2025-05-02T00:42,Boeing 757-200,N552NW,GRQYV7,19A,WINDOW,PREMIUM_ECONOMY,,,2563e38a-0c5a-43cc-9bcd-ce903c6990e4,a8765091-d043-44b1-936c-d217bb519e56,6f0c1d11-cfef-4b33-b462-90379270f593,251bd012-ff1b-4fd6-aa7f-c7b9112eddad,,2c3a4012-9fb9-44fc-9a71-0b6cb336042e
2025-05-05,SWA,4671,RIC,MDW,Main,B9,Main,B24,false,,2025-05-05T05:25,2025-05-05T05:22,2025-05-05T05:35,2025-05-05T05:39,2025-05-05T06:20,2025-05-05T06:05,2025-05-05T06:30,2025-05-05T06:10,Boeing 737-700,N922WN,,11E,MIDDLE,ECONOMY,,,ccc5d46c-4456-4312-bbb4-dd52fae667b6,be4c4286-2c02-4dca-86d4-56e19aa348f7,251bd012-ff1b-4fd6-aa7f-c7b9112eddad,b1bccd34-3f11-416a-998f-65cc527ca2a0,,886c3a0c-c7a3-4205-982f-35cddc765ae1
2025-06-06,UAL,1660,ORD,SFO,1,B14,2,D14,false,,2025-06-06T16:48,2025-06-06T16:45,2025-06-06T16:58,2025-06-06T17:03,2025-06-06T19:28,2025-06-06T19:15,2025-06-06T19:38,2025-06-06T19:18,Airbus A321neo,N14515,,20C,AISLE,PREMIUM_ECONOMY,,,86450266-b86a-4ab4-a13d-2403c43c8576,b57b4c86-4724-48f1-80be-d7de4036004a,a5eff314-18e7-4c87-bd38-0131882f1b8d,9b0faf9d-6e26-44ce-88d6-f30a340ea2b7,,2e99cd6b-cec7-4ec7-a85e-dbc2b5e25a8f
2025-06-07,UAL,2854,SFO,BNA,3,F19,Main,A8,false,,2025-06-07T22:35,2025-06-07T22:31,2025-06-07T22:45,2025-06-07T22:56,2025-06-08T04:52,2025-06-08T04:50,2025-06-08T05:02,2025-06-08T04:58,Boeing 737 MAX 9,N37510,EPGVB1,4B,AISLE,FIRST,CREW,,2dd8ea43-2be7-4436-a6bf-03a01463d9b5,b57b4c86-4724-48f1-80be-d7de4036004a,9b0faf9d-6e26-44ce-88d6-f30a340ea2b7,812e405f-26e2-44fb-83fc-db16918270b2,,8240381a-dce7-4694-a1d8-4769a0c6507a
2025-06-08,UAL,6007,BNA,ORD,Main,A3,1,B18,false,,2025-06-08T18:10,2025-06-08T19:29,2025-06-08T18:20,2025-06-08T19:48,2025-06-08T20:02,2025-06-08T21:10,2025-06-08T20:12,2025-06-08T21:38,Embraer 175,N133SY,,8C,AISLE,PREMIUM_ECONOMY,CREW,,fa76e632-5b02-445c-84e3-94b9d3ecc489,b57b4c86-4724-48f1-80be-d7de4036004a,812e405f-26e2-44fb-83fc-db16918270b2,a5eff314-18e7-4c87-bd38-0131882f1b8d,,36728d5b-40cd-46ec-93ba-8822376b565d
2025-06-12,UAL,2243,ORD,RIC,1,C3,Main,B3,false,,2025-06-12T18:26,2025-06-12T18:28,2025-06-12T18:36,2025-06-12T19:00,2025-06-12T21:26,2025-06-12T21:27,2025-06-12T21:36,2025-06-12T21:34,Airbus A319,N828UA,,7D,AISLE,PREMIUM_ECONOMY,CREW,,ca859be6-7e5e-4efa-a027-cc848bf9e166,b57b4c86-4724-48f1-80be-d7de4036004a,a5eff314-18e7-4c87-bd38-0131882f1b8d,251bd012-ff1b-4fd6-aa7f-c7b9112eddad,,fb8254ff-1d83-4fe1-a147-882c217dfcbe
2025-06-13,UAL,2137,RIC,ORD,Main,B3,1,C31,false,,2025-06-13T06:30,2025-06-13T06:21,2025-06-13T06:40,2025-06-13T06:35,2025-06-13T07:36,2025-06-13T07:18,2025-06-13T07:46,2025-06-13T07:29,Airbus A319,N828UA,,7D,AISLE,PREMIUM_ECONOMY,CREW,,28763e0a-02d3-41ac-a0f9-999f2cf43866,b57b4c86-4724-48f1-80be-d7de4036004a,251bd012-ff1b-4fd6-aa7f-c7b9112eddad,a5eff314-18e7-4c87-bd38-0131882f1b8d,,fb8254ff-1d83-4fe1-a147-882c217dfcbe
2025-06-13,UAL,2039,ORD,MCO,2,E7,B,48,false,,2025-06-13T17:50,2025-06-13T17:52,2025-06-13T18:00,2025-06-13T18:14,2025-06-13T21:36,2025-06-13T21:43,2025-06-13T21:46,2025-06-13T21:48,Airbus A321neo,N14512,NQ78TH,9C,AISLE,PREMIUM_ECONOMY,CREW,,9513b3c1-2912-40ed-9d9e-24c2bbdb0a88,b57b4c86-4724-48f1-80be-d7de4036004a,a5eff314-18e7-4c87-bd38-0131882f1b8d,85570a14-2373-4bad-a7b5-b3a9a7fdce90,,2e99cd6b-cec7-4ec7-a85e-dbc2b5e25a8f
2025-06-15,UAL,1828,MCO,ORD,B,47,1,C11,false,,2025-06-15T16:10,2025-06-15T16:04,2025-06-15T16:20,2025-06-15T16:38,2025-06-15T18:14,2025-06-15T18:09,2025-06-15T18:24,2025-06-15T18:19,Boeing 757-300,N57857,,35D,AISLE,PREMIUM_ECONOMY,CREW,,8e63febe-a9fe-4a68-9f3b-2428e13de1c0,b57b4c86-4724-48f1-80be-d7de4036004a,85570a14-2373-4bad-a7b5-b3a9a7fdce90,a5eff314-18e7-4c87-bd38-0131882f1b8d,,0e3e6575-bd45-480c-bd83-360ac9fc02d2
2025-06-19,UAL,2243,ORD,RIC,2,E8,Main,B1,false,,2025-06-19T18:26,2025-06-19T18:49,2025-06-19T18:36,2025-06-19T19:19,2025-06-19T21:26,2025-06-19T21:45,2025-06-19T21:36,2025-06-19T21:49,Airbus A320,N427UA,,20F,WINDOW,,,,e26b258a-421a-45cc-b5e1-58ec7262b69a,b57b4c86-4724-48f1-80be-d7de4036004a,a5eff314-18e7-4c87-bd38-0131882f1b8d,251bd012-ff1b-4fd6-aa7f-c7b9112eddad,,dd390a1f-e92a-4411-ab72-04db16d42030
2025-06-20,UAL,1297,ORF,ORD,Main,B29,1,B10,false,,2025-06-20T06:30,2025-06-20T06:25,2025-06-20T06:40,2025-06-20T06:36,2025-06-20T07:45,2025-06-20T07:22,2025-06-20T07:55,2025-06-20T07:31,Boeing 737-800,N24202,,12E,MIDDLE,PREMIUM_ECONOMY,CREW,,b19cdd64-ac52-4c54-bcce-d4f23895849b,b57b4c86-4724-48f1-80be-d7de4036004a,851ea82b-b482-4c2b-afeb-191a46058104,a5eff314-18e7-4c87-bd38-0131882f1b8d,,8ad8530e-acd0-42bf-abc5-1e70c4a076bf
2025-06-20,UAL,2039,ORD,MCO,1,B8,B,44,false,,2025-06-20T17:50,2025-06-20T18:07,2025-06-20T18:00,2025-06-20T18:54,2025-06-20T21:36,2025-06-20T22:01,2025-06-20T21:46,2025-06-20T22:06,Airbus A321neo,N14531,,25E,MIDDLE,PREMIUM_ECONOMY,CREW,,10e3dac5-9816-4bec-be10-d29bbc512419,b57b4c86-4724-48f1-80be-d7de4036004a,a5eff314-18e7-4c87-bd38-0131882f1b8d,85570a14-2373-4bad-a7b5-b3a9a7fdce90,,2e99cd6b-cec7-4ec7-a85e-dbc2b5e25a8f
2025-06-22,DAL,511,MCO,CVG,B,80,3,B9,false,,2025-06-22T11:00,2025-06-22T10:59,2025-06-22T11:10,2025-06-22T11:26,2025-06-22T13:00,2025-06-22T13:14,2025-06-22T13:10,2025-06-22T13:19,Boeing 737-800,N3753,JMBEG6,33A,WINDOW,ECONOMY,CREW,,d3023a23-e56d-430b-935f-e954510a48f8,a8765091-d043-44b1-936c-d217bb519e56,85570a14-2373-4bad-a7b5-b3a9a7fdce90,d1a147c1-c486-4b4b-a744-65bf7018d1bc,,8ad8530e-acd0-42bf-abc5-1e70c4a076bf
2025-06-22,UAL,310,CVG,ORD,3,A11,1,B8,false,,2025-06-22T14:10,2025-06-22T14:57,2025-06-22T14:20,2025-06-22T15:08,2025-06-22T14:44,2025-06-22T14:57,2025-06-22T14:54,2025-06-22T15:14,Boeing 737-800,N37277,,20B,MIDDLE,PREMIUM_ECONOMY,CREW,,be213f65-619e-43f9-8ba9-4c290f999447,b57b4c86-4724-48f1-80be-d7de4036004a,d1a147c1-c486-4b4b-a744-65bf7018d1bc,a5eff314-18e7-4c87-bd38-0131882f1b8d,,8ad8530e-acd0-42bf-abc5-1e70c4a076bf
2025-06-27,UAL,1634,ORD,IAD,1,C21,Main,D14,false,,2025-06-27T14:24,2025-06-27T14:20,2025-06-27T14:34,2025-06-27T15:26,2025-06-27T17:20,2025-06-27T17:52,2025-06-27T17:30,2025-06-27T18:18,Boeing 737 MAX 9,N17402,,11F,WINDOW,PREMIUM_ECONOMY,CREW,,9e13067c-7b89-4b09-be79-da1e09b95c0f,b57b4c86-4724-48f1-80be-d7de4036004a,a5eff314-18e7-4c87-bd38-0131882f1b8d,519696f5-bda6-457c-ae4c-dd1cb07e20de,,8240381a-dce7-4694-a1d8-4769a0c6507a
2025-06-27,UAL,126,IAD,FCO,Main,C27,3,709,false,,2025-06-27T22:10,2025-06-27T22:19,2025-06-27T22:20,2025-06-27T22:41,2025-06-28T12:55,2025-06-28T12:50,2025-06-28T13:05,2025-06-28T12:55,Boeing 767-300,N647UA,,29B,AISLE,ECONOMY,CREW,,6d008994-c730-4007-ab5f-32a35b771815,b57b4c86-4724-48f1-80be-d7de4036004a,519696f5-bda6-457c-ae4c-dd1cb07e20de,c1ae74d8-8361-4e5e-95e3-86a49e98df2a,,3e31e7b6-cfc1-4a82-b88b-bbb8ecad73c3
2025-06-30,UAL,971,FCO,ORD,3,E34,5,M15,false,,2025-06-30T09:45,2025-06-30T09:43,2025-06-30T10:12,2025-06-30T10:10,2025-06-30T12:47,2025-06-30T12:48,2025-06-30T13:10,2025-06-30T13:00,Boeing 787-10,N14001,,45A,WINDOW,ECONOMY,,,5d190c7b-ea60-438d-8d54-f915b0ab9f50,b57b4c86-4724-48f1-80be-d7de4036004a,c1ae74d8-8361-4e5e-95e3-86a49e98df2a,a5eff314-18e7-4c87-bd38-0131882f1b8d,,7ee6dd4c-86a8-412a-8fd3-9dc79c771bc9
2025-07-02,UAL,3601,ORD,YYZ,2,E11,1,249,false,,2025-07-02T08:50,2025-07-02T09:43,2025-07-02T09:00,2025-07-02T09:58,2025-07-02T11:39,2025-07-02T12:03,2025-07-02T11:49,2025-07-02T12:39,Embraer 175,N724YX,,21C,AISLE,PREMIUM_ECONOMY,CREW,,7f84395a-434a-4b3f-9ea9-e8b7cb71d3b6,b57b4c86-4724-48f1-80be-d7de4036004a,a5eff314-18e7-4c87-bd38-0131882f1b8d,54b344b9-4034-43bf-9f74-6934fe37e671,,36728d5b-40cd-46ec-93ba-8822376b565d
2025-07-03,UAL,3711,YYZ,EWR,1,F60,C,C81,false,,2025-07-03T19:59,2025-07-03T22:41,2025-07-03T20:09,2025-07-03T23:09,2025-07-03T21:38,2025-07-04T00:05,2025-07-03T21:48,2025-07-04T00:14,Embraer 170,N638RW,,8B,AISLE,PREMIUM_ECONOMY,CREW,,a44c2992-0767-4d29-a419-175a8c2a0e65,b57b4c86-4724-48f1-80be-d7de4036004a,54b344b9-4034-43bf-9f74-6934fe37e671,4427d229-a1e2-4955-81fa-9b5c0f103f12,,2acf1934-38ee-4709-8efa-7018f9be5222
2025-07-04,UAL,554,EWR,BOS,A,22,B,B26,false,,2025-07-04T06:55,2025-07-04T08:15,2025-07-04T07:05,2025-07-04T08:36,2025-07-04T08:01,2025-07-04T09:19,2025-07-04T08:11,2025-07-04T09:22,Boeing 737-900ER,N36469,,9F,AISLE,PREMIUM_ECONOMY,CREW,,a753b4f2-e227-494f-bb7f-37c11baa7bff,b57b4c86-4724-48f1-80be-d7de4036004a,4427d229-a1e2-4955-81fa-9b5c0f103f12,813ec62f-c303-44d9-a041-a4434d6fd652,,24012541-435d-4a27-af8a-4791336f1965
2025-07-05,UAL,688,BOS,EWR,B,B24,C,90,false,,2025-07-05T20:02,2025-07-05T19:59,2025-07-05T20:12,2025-07-05T20:22,2025-07-05T21:19,2025-07-05T21:08,2025-07-05T21:29,2025-07-05T21:17,Boeing 737 MAX 9,N77590,,9A,WINDOW,PREMIUM_ECONOMY,CREW,,f20cf8b8-2b94-4961-9d07-a346d5919c86,b57b4c86-4724-48f1-80be-d7de4036004a,813ec62f-c303-44d9-a041-a4434d6fd652,4427d229-a1e2-4955-81fa-9b5c0f103f12,,8240381a-dce7-4694-a1d8-4769a0c6507a
2025-07-05,UAL,2084,EWR,ORD,C,73,1,B8,false,,2025-07-05T22:30,2025-07-05T22:24,2025-07-05T22:40,2025-07-05T22:45,2025-07-05T23:49,2025-07-05T23:25,2025-07-05T23:59,2025-07-05T23:31,Boeing 737 MAX 8,N17358,,11E,MIDDLE,PREMIUM_ECONOMY,CREW,,ec896608-ce46-4808-8a4b-2e4edee71a0d,b57b4c86-4724-48f1-80be-d7de4036004a,4427d229-a1e2-4955-81fa-9b5c0f103f12,a5eff314-18e7-4c87-bd38-0131882f1b8d,,5ee1c1db-bf8c-475a-99b0-262bbc7a50b2
2025-07-06,UAL,2277,ORD,IAD,1,B3,Main,C19,false,,2025-07-06T08:52,2025-07-06T12:52,2025-07-06T09:02,2025-07-06T13:14,2025-07-06T11:45,2025-07-06T15:43,2025-07-06T11:55,2025-07-06T15:52,Boeing 757-200,N17126,,22D,AISLE,PREMIUM_ECONOMY,CREW,,48e7e3c4-672a-46a3-8524-d42441f93eb8,b57b4c86-4724-48f1-80be-d7de4036004a,a5eff314-18e7-4c87-bd38-0131882f1b8d,519696f5-bda6-457c-ae4c-dd1cb07e20de,,2c3a4012-9fb9-44fc-9a71-0b6cb336042e
2025-07-06,UAL,1193,DCA,ORD,2,B14,2,E7,false,,2025-07-06T19:00,2025-07-06T20:39,2025-07-06T19:10,2025-07-06T21:13,2025-07-06T20:06,2025-07-06T21:44,2025-07-06T20:16,2025-07-06T22:16,Boeing 737-700,N24706,,11C,AISLE,ECONOMY,CREW,,604c9aa8-8c7a-4738-a00c-c8afb8f366c9,b57b4c86-4724-48f1-80be-d7de4036004a,be38c6f9-3dd7-41e2-baf8-929dbd2b54f3,a5eff314-18e7-4c87-bd38-0131882f1b8d,,886c3a0c-c7a3-4205-982f-35cddc765ae1
2025-07-11,UAL,1755,ORD,DCA,1,C30,2,B14,false,,2025-07-11T16:00,2025-07-11T16:01,2025-07-11T16:10,2025-07-11T16:29,2025-07-11T18:52,2025-07-11T19:23,2025-07-11T19:02,2025-07-11T19:27,Airbus A319,N814UA,,7D,AISLE,PREMIUM_ECONOMY,CREW,,ca9db486-7fcd-4b03-a745-acccc38b0cbf,b57b4c86-4724-48f1-80be-d7de4036004a,a5eff314-18e7-4c87-bd38-0131882f1b8d,be38c6f9-3dd7-41e2-baf8-929dbd2b54f3,,fb8254ff-1d83-4fe1-a147-882c217dfcbe
2025-07-11,UAL,330,IAD,CDG,Main,D30,1,26,false,,2025-07-11T22:45,2025-07-11T23:50,2025-07-11T23:03,2025-07-12T00:05,2025-07-12T12:09,2025-07-12T12:56,2025-07-12T12:35,2025-07-12T13:05,Boeing 767-400,N69063,,22B,AISLE,BUSINESS,CREW,,9ecb4d56-e897-48e0-8c8b-54321434aca1,b57b4c86-4724-48f1-80be-d7de4036004a,519696f5-bda6-457c-ae4c-dd1cb07e20de,065a1318-77b6-4f77-98ce-95b9253f64a5,,dae07e29-15b1-4f35-9552-d70888135843
2025-07-13,UAL,986,CDG,ORD,1,12,5,M15,false,,2025-07-13T11:15,2025-07-13T11:12,2025-07-13T11:39,2025-07-13T11:31,2025-07-13T12:31,2025-07-13T12:34,2025-07-13T13:10,2025-07-13T12:46,Boeing 787-10,N14016,,47F,AISLE,ECONOMY,CREW,,698f7eea-9252-44e9-81d7-a78892b77d68,b57b4c86-4724-48f1-80be-d7de4036004a,065a1318-77b6-4f77-98ce-95b9253f64a5,a5eff314-18e7-4c87-bd38-0131882f1b8d,,7ee6dd4c-86a8-412a-8fd3-9dc79c771bc9
2025-07-18,UAL,2243,ORD,RIC,1,C27,Main,B1,false,,2025-07-18T18:20,2025-07-18T18:57,2025-07-18T18:30,2025-07-18T19:18,2025-07-18T21:20,2025-07-18T21:45,2025-07-18T21:30,2025-07-18T21:51,Airbus A320,N449UA,,20C,AISLE,PREMIUM_ECONOMY,CREW,,a0b9da39-cf72-42fb-a59c-1d65ca7df6fa,b57b4c86-4724-48f1-80be-d7de4036004a,a5eff314-18e7-4c87-bd38-0131882f1b8d,251bd012-ff1b-4fd6-aa7f-c7b9112eddad,,dd390a1f-e92a-4411-ab72-04db16d42030
2025-07-19,UAL,4192,RIC,EWR,Main,B2,C,103,false,,2025-07-19T06:03,2025-07-19T05:54,2025-07-19T06:13,2025-07-19T06:14,2025-07-19T07:20,2025-07-19T07:07,2025-07-19T07:30,2025-07-19T07:13,Bombardier CRJ700,N554GJ,,3C,AISLE,FIRST,CREW,,24922010-f521-4d61-8708-c60aa466290a,b57b4c86-4724-48f1-80be-d7de4036004a,251bd012-ff1b-4fd6-aa7f-c7b9112eddad,4427d229-a1e2-4955-81fa-9b5c0f103f12,,1404a49a-a829-47ff-b37b-6c9273f21c77
2025-07-19,UAL,1556,EWR,SJU,C,112,B,B10,false,,2025-07-19T09:44,2025-07-19T09:44,2025-07-19T09:54,2025-07-19T10:14,2025-07-19T13:35,2025-07-19T13:29,2025-07-19T13:45,2025-07-19T13:53,Boeing 737 MAX 9,N37522,,36F,WINDOW,ECONOMY,CREW,,eac920ff-ee19-4ce1-9ec6-59e5d7d463c7,b57b4c86-4724-48f1-80be-d7de4036004a,4427d229-a1e2-4955-81fa-9b5c0f103f12,1f1a1626-74d4-4ce1-b3db-9a365053202a,,8240381a-dce7-4694-a1d8-4769a0c6507a
2025-07-20,UAL,1644,SJU,IAH,B,B2,E,14,false,,2025-07-20T07:00,2025-07-20T06:51,2025-07-20T07:10,2025-07-20T07:05,2025-07-20T10:41,2025-07-20T10:01,2025-07-20T10:51,2025-07-20T10:07,Boeing 737 MAX 9,N37525,,21E,MIDDLE,PREMIUM_ECONOMY,CREW,,549b20aa-f558-4355-b3d7-b2279d993a4a,b57b4c86-4724-48f1-80be-d7de4036004a,1f1a1626-74d4-4ce1-b3db-9a365053202a,9a82d843-2e36-4dba-8a6c-ea86d70b316b,,8240381a-dce7-4694-a1d8-4769a0c6507a
2025-07-20,UAL,6173,IAH,RIC,C,31,Main,B3,false,,2025-07-20T12:05,2025-07-20T11:53,2025-07-20T12:15,2025-07-20T12:09,2025-07-20T15:59,2025-07-20T16:00,2025-07-20T16:09,2025-07-20T15:47,Embraer 175,N88331,,16D,AISLE,ECONOMY,CREW,,32ca5268-ca3a-43b8-b13f-fa4ae03fb86e,b57b4c86-4724-48f1-80be-d7de4036004a,9a82d843-2e36-4dba-8a6c-ea86d70b316b,251bd012-ff1b-4fd6-aa7f-c7b9112eddad,,36728d5b-40cd-46ec-93ba-8822376b565d
2025-07-21,UAL,5407,CHO,ORD,,1,2,F18,false,,2025-07-21T07:00,2025-07-21T06:49,2025-07-21T07:10,2025-07-21T07:03,2025-07-21T07:55,2025-07-21T07:36,2025-07-21T08:05,2025-07-21T07:52,Bombardier CRJ700,N762SK,,11D,WINDOW,PREMIUM_ECONOMY,CREW,,cf0f750e-d6c8-4342-866d-d1777155b480,b57b4c86-4724-48f1-80be-d7de4036004a,5fd07c34-1fa4-4259-87e3-62eed404c3d9,a5eff314-18e7-4c87-bd38-0131882f1b8d,,1404a49a-a829-47ff-b37b-6c9273f21c77
2025-07-23,UAL,2243,ORD,RIC,1,B21,Main,B1,false,,2025-07-23T18:20,2025-07-23T18:21,2025-07-23T18:30,2025-07-23T19:00,2025-07-23T21:20,2025-07-23T21:33,2025-07-23T21:30,2025-07-23T21:38,Airbus A320,N476UA,,7F,WINDOW,PREMIUM_ECONOMY,CREW,,350dccf0-84da-4e31-82c5-49c7a7d32e48,b57b4c86-4724-48f1-80be-d7de4036004a,a5eff314-18e7-4c87-bd38-0131882f1b8d,251bd012-ff1b-4fd6-aa7f-c7b9112eddad,,dd390a1f-e92a-4411-ab72-04db16d42030
2025-07-24,UAL,1741,RIC,ORD,Main,B1,1,B20,false,,2025-07-24T06:25,2025-07-24T06:22,2025-07-24T06:35,2025-07-24T06:33,2025-07-24T07:31,2025-07-24T07:04,2025-07-24T07:41,2025-07-24T07:10,Airbus A320,N476UA,,20F,WINDOW,PREMIUM_ECONOMY,CREW,,23ea6287-ec95-41ad-9a01-72185e0528a1,b57b4c86-4724-48f1-80be-d7de4036004a,251bd012-ff1b-4fd6-aa7f-c7b9112eddad,a5eff314-18e7-4c87-bd38-0131882f1b8d,,dd390a1f-e92a-4411-ab72-04db16d42030
2025-07-25,UAL,1273,ORD,SFO,1,B14,3,F11,false,,2025-07-25T06:30,2025-07-25T06:29,2025-07-25T06:40,2025-07-25T06:46,2025-07-25T08:59,2025-07-25T08:41,2025-07-25T09:09,2025-07-25T08:47,Boeing 757-300,N56859,,24D,AISLE,ECONOMY,CREW,Positive Space,2d64b75e-e225-4073-bd5e-785c38bb76bf,b57b4c86-4724-48f1-80be-d7de4036004a,a5eff314-18e7-4c87-bd38-0131882f1b8d,9b0faf9d-6e26-44ce-88d6-f30a340ea2b7,,0e3e6575-bd45-480c-bd83-360ac9fc02d2
2025-07-25,UAL,672,SFO,BCN,INTL,G7,T1,295,false,,2025-07-25T17:40,2025-07-25T17:36,2025-07-25T17:50,2025-07-25T18:24,2025-07-26T13:50,2025-07-26T13:44,2025-07-26T14:00,2025-07-26T13:52,Boeing 777-200 ER,N209UA,,32A,WINDOW,PREMIUM_ECONOMY,CREW,,4c660745-8d5a-490a-97c1-d35bb77827ce,b57b4c86-4724-48f1-80be-d7de4036004a,9b0faf9d-6e26-44ce-88d6-f30a340ea2b7,72d63683-9cc9-40da-9394-b2557edacb91,,a0f171e1-86df-426a-8922-e460c0660ae6
2025-07-27,UAL,991,BCN,IAD,1,E77,Main,14,false,,2025-07-27T11:15,2025-07-27T11:57,2025-07-27T12:27,2025-07-27T12:19,2025-07-27T14:25,2025-07-27T14:22,2025-07-27T14:00,2025-07-27T14:37,Boeing 787-10,N91007,,60F,AISLE,ECONOMY,CREW,,114a4472-64a6-45e5-bead-44dd11f90fbb,b57b4c86-4724-48f1-80be-d7de4036004a,72d63683-9cc9-40da-9394-b2557edacb91,519696f5-bda6-457c-ae4c-dd1cb07e20de,,7ee6dd4c-86a8-412a-8fd3-9dc79c771bc9
2025-07-28,UAL,1741,RIC,ORD,Main,B1,1,C18A,false,,2025-07-28T06:25,2025-07-28T06:40,2025-07-28T06:35,2025-07-28T06:53,2025-07-28T07:31,2025-07-28T07:38,2025-07-28T07:41,2025-07-28T08:17,Airbus A320,N460UA,,34F,WINDOW,ECONOMY,,,84c17602-5bb6-45e9-9327-c0f92a194fa4,b57b4c86-4724-48f1-80be-d7de4036004a,251bd012-ff1b-4fd6-aa7f-c7b9112eddad,a5eff314-18e7-4c87-bd38-0131882f1b8d,,dd390a1f-e92a-4411-ab72-04db16d42030
2025-08-05,UAL,2243,ORD,RIC,1,C7,Main,B1,false,,2025-08-05T18:20,2025-08-05T18:17,2025-08-05T18:30,2025-08-05T19:04,2025-08-05T21:20,2025-08-05T21:33,2025-08-05T21:30,2025-08-05T21:41,Boeing 737-700,N17753,,21F,,PREMIUM_ECONOMY,CREW,,4cff115a-7b5e-4f07-bc43-71034595e9af,b57b4c86-4724-48f1-80be-d7de4036004a,a5eff314-18e7-4c87-bd38-0131882f1b8d,251bd012-ff1b-4fd6-aa7f-c7b9112eddad,,886c3a0c-c7a3-4205-982f-35cddc765ae1
2025-08-06,UAL,1741,RIC,ORD,Main,B1,3,G6,false,,2025-08-06T06:25,2025-08-06T06:16,2025-08-06T06:35,2025-08-06T06:28,2025-08-06T07:31,2025-08-06T07:03,2025-08-06T07:41,2025-08-06T07:15,Boeing 737-700,N17753,,7A,WINDOW,PREMIUM_ECONOMY,CREW,,781c38b7-ad31-4992-882c-7feb523a2562,b57b4c86-4724-48f1-80be-d7de4036004a,251bd012-ff1b-4fd6-aa7f-c7b9112eddad,a5eff314-18e7-4c87-bd38-0131882f1b8d,,886c3a0c-c7a3-4205-982f-35cddc765ae1
2025-08-08,UAL,909,ORD,AMS,1,C18,3,G9,false,,2025-08-08T18:15,2025-08-08T18:50,2025-08-08T18:25,2025-08-08T19:23,2025-08-09T09:10,2025-08-09T09:27,2025-08-09T09:20,2025-08-09T09:39,Boeing 787-8,N30913,,38C,AISLE,ECONOMY,CREW,,31acb190-87aa-40ac-9bdc-c3121bf84d43,b57b4c86-4724-48f1-80be-d7de4036004a,a5eff314-18e7-4c87-bd38-0131882f1b8d,f671c076-61b7-4572-8abb-359aaadaafd4,,4f948d40-962a-4fdf-b1d9-424282d24f76
2025-08-10,UAL,908,AMS,ORD,3,G9,5,M14,false,,2025-08-10T12:00,2025-08-10T20:25,2025-08-10T12:10,2025-08-10T20:48,2025-08-10T13:35,2025-08-10T21:41,2025-08-10T13:45,2025-08-10T22:00,Boeing 787-9,N29985,,21C,AISLE,BUSINESS,CREW,,94a5cbe7-cc7d-458c-9160-0cacd542fdca,b57b4c86-4724-48f1-80be-d7de4036004a,f671c076-61b7-4572-8abb-359aaadaafd4,a5eff314-18e7-4c87-bd38-0131882f1b8d,,c4910e5e-2c05-4d17-bc08-fa0c8c0b77d9
2025-08-15,UAL,1156,ORD,MSY,1,C27,Main,A5,false,,2025-08-15T20:00,2025-08-15T20:04,2025-08-15T20:10,2025-08-15T20:59,2025-08-15T22:20,2025-08-15T22:51,2025-08-15T22:30,2025-08-15T22:55,Boeing 737-900ER,N63820,,20F,AISLE,ECONOMY,CREW,,e56fa3c1-d022-49c9-a817-8d515fbe3a02,b57b4c86-4724-48f1-80be-d7de4036004a,a5eff314-18e7-4c87-bd38-0131882f1b8d,f874b6f5-ac69-41f2-8cf4-76cf1a1aca9c,,24012541-435d-4a27-af8a-4791336f1965
2025-08-17,UAL,1752,MSY,EWR,Main,C5,C,95,false,,2025-08-17T06:01,2025-08-17T05:53,2025-08-17T06:11,2025-08-17T06:10,2025-08-17T09:50,2025-08-17T09:49,2025-08-17T10:00,2025-08-17T09:54,Boeing 737 MAX 8,N17362,,7D,AISLE,PREMIUM_ECONOMY,CREW,,c5b8e6d7-4f70-421c-8d0c-27656b111622,b57b4c86-4724-48f1-80be-d7de4036004a,f874b6f5-ac69-41f2-8cf4-76cf1a1aca9c,4427d229-a1e2-4955-81fa-9b5c0f103f12,,5ee1c1db-bf8c-475a-99b0-262bbc7a50b2
2025-08-17,DAL,2864,EWR,MSP,A,A6,1,C6,false,,2025-08-17T12:27,2025-08-17T12:20,2025-08-17T12:37,2025-08-17T12:40,2025-08-17T14:12,2025-08-17T14:03,2025-08-17T14:22,2025-08-17T14:09,Boeing 717-200,N934AT,,17A,WINDOW,ECONOMY,CREW,,0dffdf96-332a-490b-a153-956e861ca383,a8765091-d043-44b1-936c-d217bb519e56,4427d229-a1e2-4955-81fa-9b5c0f103f12,e6471588-a4ac-43ed-85de-adb08f1c3410,,92a68bee-2e3c-4fc9-975a-20b0d93ac3ed
2025-08-17,DAL,1306,MSP,ORD,1,F16,5,M10,false,,2025-08-17T15:30,2025-08-17T15:26,2025-08-17T15:40,2025-08-17T15:44,2025-08-17T16:53,2025-08-17T16:41,2025-08-17T17:03,2025-08-17T17:02,Airbus A220-300,N311DU,,33E,WINDOW,ECONOMY,CREW,,77d18f96-d08e-4dca-b005-b2abaa041102,a8765091-d043-44b1-936c-d217bb519e56,e6471588-a4ac-43ed-85de-adb08f1c3410,a5eff314-18e7-4c87-bd38-0131882f1b8d,,c6158951-56ef-48ec-b8ae-5f7e9c0c24c0
2025-08-19,UAL,2243,ORD,RIC,2,E16,Main,B1,false,,2025-08-19T18:30,2025-08-19T18:24,2025-08-19T18:40,2025-08-19T19:17,2025-08-19T21:36,2025-08-19T21:48,2025-08-19T21:46,2025-08-19T21:53,Boeing 737-900ER,N28457,,11E,AISLE,PREMIUM_ECONOMY,CREW,,9e4ee990-f657-4daf-abe3-1fe36a17205a,b57b4c86-4724-48f1-80be-d7de4036004a,a5eff314-18e7-4c87-bd38-0131882f1b8d,251bd012-ff1b-4fd6-aa7f-c7b9112eddad,,24012541-435d-4a27-af8a-4791336f1965
2025-08-20,UAL,695,RIC,ORD,Main,B1,1,B17,false,,2025-08-20T06:15,2025-08-20T06:06,2025-08-20T06:25,2025-08-20T06:18,2025-08-20T07:20,2025-08-20T06:55,2025-08-20T07:30,2025-08-20T07:05,Boeing 737-900ER,N28457,,11A,WINDOW,PREMIUM_ECONOMY,CREW,,52b6ae6f-6094-4e06-bce0-4a980bf6c48a,b57b4c86-4724-48f1-80be-d7de4036004a,251bd012-ff1b-4fd6-aa7f-c7b9112eddad,a5eff314-18e7-4c87-bd38-0131882f1b8d,,24012541-435d-4a27-af8a-4791336f1965
2025-08-22,UAL,2243,ORD,RIC,1,C1,Main,B1,false,,2025-08-22T18:30,2025-08-22T18:27,2025-08-22T18:40,2025-08-22T19:02,2025-08-22T21:36,2025-08-22T21:37,2025-08-22T21:46,2025-08-22T21:42,Boeing 737-800,N14240,,14A,WINDOW,PREMIUM_ECONOMY,CREW,"Last flight of my internship, Summer 2025!",b092eeca-17fa-4596-b889-da953c2ff935,b57b4c86-4724-48f1-80be-d7de4036004a,a5eff314-18e7-4c87-bd38-0131882f1b8d,251bd012-ff1b-4fd6-aa7f-c7b9112eddad,,8ad8530e-acd0-42bf-abc5-1e70c4a076bf
2025-08-31,DAL,3230,RIC,DTW,Main,B13,M,A8,false,,2025-08-31T06:00,2025-08-31T05:54,2025-08-31T06:10,2025-08-31T06:06,2025-08-31T07:37,2025-08-31T07:21,2025-08-31T07:47,2025-08-31T07:29,Airbus A319,N323NB,F72WDB,1C,AISLE,FIRST,CREW,,3662a1bd-71cb-44e5-b31c-25cf26d88151,a8765091-d043-44b1-936c-d217bb519e56,251bd012-ff1b-4fd6-aa7f-c7b9112eddad,8eee2bc8-dcbf-4b7b-a221-e38cce7c823a,,fb8254ff-1d83-4fe1-a147-882c217dfcbe
2025-08-31,DAL,3858,DTW,MDW,M,B15,Main,A7,false,,2025-08-31T08:25,2025-08-31T08:19,2025-08-31T08:35,2025-08-31T08:37,2025-08-31T08:25,2025-08-31T08:22,2025-08-31T08:35,2025-08-31T08:27,Embraer 175,N250SY,F72WDB,02D,WINDOW,FIRST,CREW,,f4ca4c6f-20f9-4e48-8eab-3ceeab410fb5,a8765091-d043-44b1-936c-d217bb519e56,8eee2bc8-dcbf-4b7b-a221-e38cce7c823a,b1bccd34-3f11-416a-998f-65cc527ca2a0,,36728d5b-40cd-46ec-93ba-8822376b565d
2025-08-31,DAL,1477,ORD,ATL,5,M8,S,B26,false,,2025-08-31T15:30,2025-08-31T15:28,2025-08-31T15:40,2025-08-31T15:43,2025-08-31T18:39,2025-08-31T18:05,2025-08-31T18:49,2025-08-31T18:11,Boeing 737-900ER,N817DN,,34E,MIDDLE,ECONOMY,CREW,,27d1f25a-d0c5-44ef-880e-be891e397584,a8765091-d043-44b1-936c-d217bb519e56,a5eff314-18e7-4c87-bd38-0131882f1b8d,6f0c1d11-cfef-4b33-b462-90379270f593,,24012541-435d-4a27-af8a-4791336f1965
2025-08-31,DAL,2881,ATL,MCO,S,E4,B,74,false,,2025-08-31T19:20,2025-08-31T19:17,2025-08-31T19:30,2025-08-31T19:28,2025-08-31T20:43,2025-08-31T20:25,2025-08-31T20:53,2025-08-31T20:41,Boeing 757-200,N678DL,,28A,WINDOW,ECONOMY,CREW,,3fa28520-b02f-4388-937e-519776927769,a8765091-d043-44b1-936c-d217bb519e56,6f0c1d11-cfef-4b33-b462-90379270f593,85570a14-2373-4bad-a7b5-b3a9a7fdce90,,2c3a4012-9fb9-44fc-9a71-0b6cb336042e
2025-09-22,DAL,2693,MCO,JFK,B,72,4,B32,false,,2025-09-22T06:00,2025-09-22T05:55,2025-09-22T06:10,2025-09-22T06:14,2025-09-22T08:29,2025-09-22T08:14,2025-09-22T08:39,2025-09-22T08:25,Airbus A321,N369DN,,10A,WINDOW,PREMIUM_ECONOMY,CREW,,f46a185b-1728-4356-a9d5-cff978d6469e,a8765091-d043-44b1-936c-d217bb519e56,85570a14-2373-4bad-a7b5-b3a9a7fdce90,fc332185-4dde-4791-b449-0de5e83e47b9,,5904cdc2-eccf-41fe-8345-e82a51d3269c
2025-09-22,DAL,5360,LGA,RIC,C,78,Main,B10,false,,2025-09-22T17:16,2025-09-22T17:09,2025-09-22T17:26,2025-09-22T17:36,2025-09-22T18:45,2025-09-22T18:33,2025-09-22T18:55,2025-09-22T18:48,"Bombardier CRJ900 ",N491PX,,,,,,,71a67e03-3046-4602-a01c-f15ba78a3716,a8765091-d043-44b1-936c-d217bb519e56,dfeb8457-3376-49f8-b542-dbeb2ec9f719,251bd012-ff1b-4fd6-aa7f-c7b9112eddad,,8a4bd3f7-3aac-4e32-8a52-07e5525b36e3
2025-09-26,SWA,2282,RIC,MDW,Main,B7,Main,B24,false,,2025-09-26T16:25,2025-09-26T16:47,2025-09-26T16:35,2025-09-26T16:57,2025-09-26T17:15,2025-09-26T17:20,2025-09-26T17:25,2025-09-26T17:27,Boeing 737-700,N7835A,,2D,AISLE,ECONOMY,CREW,,7723d8d3-373e-4978-a11a-fb5314778b80,be4c4286-2c02-4dca-86d4-56e19aa348f7,251bd012-ff1b-4fd6-aa7f-c7b9112eddad,b1bccd34-3f11-416a-998f-65cc527ca2a0,,886c3a0c-c7a3-4205-982f-35cddc765ae1
2025-10-04,SWA,3998,MDW,RIC,Main,B21,Main,B9,false,,2025-10-04T09:45,2025-10-04T09:38,2025-10-04T09:55,2025-10-04T09:45,2025-10-04T12:25,2025-10-04T12:17,2025-10-04T12:35,2025-10-04T12:23,Boeing 737-700,N946WN,,4D,AISLE,ECONOMY,CREW,,300e3be4-e8b8-4ef1-9b11-91d5bd59ec8f,be4c4286-2c02-4dca-86d4-56e19aa348f7,b1bccd34-3f11-416a-998f-65cc527ca2a0,251bd012-ff1b-4fd6-aa7f-c7b9112eddad,,886c3a0c-c7a3-4205-982f-35cddc765ae1
2025-10-05,DAL,3230,RIC,DTW,Main,B13,M,A55,false,,2025-10-05T06:00,2025-10-05T05:50,2025-10-05T06:10,2025-10-05T06:06,2025-10-05T07:37,2025-10-05T07:18,2025-10-05T07:47,2025-10-05T07:32,Airbus A319,N318NB,,14A,WINDOW,ECONOMY,CREW,,87d025af-bcb5-4a48-b752-e491a3303b61,a8765091-d043-44b1-936c-d217bb519e56,251bd012-ff1b-4fd6-aa7f-c7b9112eddad,8eee2bc8-dcbf-4b7b-a221-e38cce7c823a,,fb8254ff-1d83-4fe1-a147-882c217dfcbe
2025-10-05,DAL,3858,DTW,MDW,M,B15,Main,A5,false,,2025-10-05T08:25,2025-10-05T08:24,2025-10-05T08:35,2025-10-05T08:45,2025-10-05T08:30,2025-10-05T08:31,2025-10-05T08:40,2025-10-05T08:36,Embraer 175,N603CZ,,7B,AISLE,PREMIUM_ECONOMY,CREW,,9c970240-c37a-4d84-a727-f85e25795ecf,a8765091-d043-44b1-936c-d217bb519e56,8eee2bc8-dcbf-4b7b-a221-e38cce7c823a,b1bccd34-3f11-416a-998f-65cc527ca2a0,,36728d5b-40cd-46ec-93ba-8822376b565d
2025-10-10,DAL,1477,ORD,ATL,5,M11,S,D32,false,,2025-10-10T16:05,2025-10-10T15:59,2025-10-10T16:15,2025-10-10T17:25,2025-10-10T19:00,2025-10-10T19:49,2025-10-10T19:10,2025-10-10T20:00,Boeing 737-800,N3750D,HOT74A,20B,MIDDLE,ECONOMY,CREW,"One of the most uncomfortable seats Ive been in

ATL tower evacuated due to gas leak, we were sitting at deicing pad for an hour while the tower was closed",09cd27cd-b036-4d77-bdc8-8da42dfd2102,a8765091-d043-44b1-936c-d217bb519e56,a5eff314-18e7-4c87-bd38-0131882f1b8d,6f0c1d11-cfef-4b33-b462-90379270f593,,8ad8530e-acd0-42bf-abc5-1e70c4a076bf
2025-10-10,DAL,3166,ATL,RIC,S,A1,Main,B15,false,,2025-10-10T19:48,2025-10-10T21:32,2025-10-10T19:58,2025-10-10T21:54,2025-10-10T21:11,2025-10-10T22:58,2025-10-10T21:21,2025-10-10T23:03,Boeing 757-200,N6701,HOT74A,26D,AISLE,ECONOMY,CREW,,d004927e-8f02-4f34-95c7-1b2afe45c13f,a8765091-d043-44b1-936c-d217bb519e56,6f0c1d11-cfef-4b33-b462-90379270f593,251bd012-ff1b-4fd6-aa7f-c7b9112eddad,,2c3a4012-9fb9-44fc-9a71-0b6cb336042e
2025-10-13,DAL,3230,RIC,DTW,Main,B13,M,A17,false,,2025-10-13T06:00,2025-10-13T05:52,2025-10-13T06:10,2025-10-13T06:06,2025-10-13T07:41,2025-10-13T07:19,2025-10-13T07:51,2025-10-13T07:25,Airbus A319,N323NB,,13B,MIDDLE,PREMIUM_ECONOMY,CREW,,ac0c4288-c745-44e1-9524-a9b5e38aed8e,a8765091-d043-44b1-936c-d217bb519e56,251bd012-ff1b-4fd6-aa7f-c7b9112eddad,8eee2bc8-dcbf-4b7b-a221-e38cce7c823a,,fb8254ff-1d83-4fe1-a147-882c217dfcbe
2025-10-13,DAL,3858,DTW,MDW,M,B15,Main,A5,false,,2025-10-13T08:25,2025-10-13T08:20,2025-10-13T08:35,2025-10-13T08:56,2025-10-13T08:30,2025-10-13T08:42,2025-10-13T08:40,2025-10-13T08:46,Embraer 175,N317SY,,10A,WINDOW,ECONOMY,CREW,,544049f0-776a-4e8a-a031-f4f8c8a5ba18,a8765091-d043-44b1-936c-d217bb519e56,8eee2bc8-dcbf-4b7b-a221-e38cce7c823a,b1bccd34-3f11-416a-998f-65cc527ca2a0,,36728d5b-40cd-46ec-93ba-8822376b565d
2025-10-30,DAL,1533,ORD,MSP,5,M11,1,C4,false,,2025-10-30T15:50,2025-10-30T17:48,2025-10-30T16:00,2025-10-30T18:06,2025-10-30T17:16,2025-10-30T19:01,2025-10-30T17:26,2025-10-30T19:07,Airbus A220-100,N128DU,,28A,WINDOW,ECONOMY,CREW,,a40bb11f-99b8-41b6-a95a-924136dfb9ec,a8765091-d043-44b1-936c-d217bb519e56,a5eff314-18e7-4c87-bd38-0131882f1b8d,e6471588-a4ac-43ed-85de-adb08f1c3410,,08f3690a-67fe-4be4-8138-cc20b688f722
2025-10-30,DAL,5530,MSP,RIC,1,A12,Main,B10,false,,2025-10-30T20:05,2025-10-30T20:00,2025-10-30T20:15,2025-10-30T20:21,2025-10-30T23:33,2025-10-30T23:19,2025-10-30T23:43,2025-10-30T23:35,"Bombardier CRJ900 ",N348PQ,HBEPBT,5C,,PREMIUM_ECONOMY,CREW,,e366b224-055c-430b-aa7b-ddeddc9e2875,a8765091-d043-44b1-936c-d217bb519e56,e6471588-a4ac-43ed-85de-adb08f1c3410,251bd012-ff1b-4fd6-aa7f-c7b9112eddad,,8a4bd3f7-3aac-4e32-8a52-07e5525b36e3
2025-11-02,SWA,2069,RIC,MDW,Main,B9,Main,A4B,false,,2025-11-02T16:50,2025-11-02T17:16,2025-11-02T17:00,2025-11-02T17:27,2025-11-02T17:45,2025-11-02T18:03,2025-11-02T17:55,2025-11-02T18:10,Boeing 737 MAX 8,N8962L,,9F,AISLE,ECONOMY,CREW,First flight with FREE WIFI on Southwest AND new interior! still open seating,e80bc7d6-6eaf-435e-8469-2cfc22f5a079,be4c4286-2c02-4dca-86d4-56e19aa348f7,251bd012-ff1b-4fd6-aa7f-c7b9112eddad,b1bccd34-3f11-416a-998f-65cc527ca2a0,,5ee1c1db-bf8c-475a-99b0-262bbc7a50b2
2025-11-14,DAL,2400,MDW,ATL,Main,A5,S,T1,false,,2025-11-14T06:00,2025-11-14T05:51,2025-11-14T06:10,2025-11-14T06:04,2025-11-14T08:50,2025-11-14T08:23,2025-11-14T09:00,2025-11-14T08:29,Airbus A320,N343NW,HUV35O,12B,MIDDLE,PREMIUM_ECONOMY,CREW,,17d77103-c520-4531-92ee-cf944d1323c9,a8765091-d043-44b1-936c-d217bb519e56,b1bccd34-3f11-416a-998f-65cc527ca2a0,6f0c1d11-cfef-4b33-b462-90379270f593,,dd390a1f-e92a-4411-ab72-04db16d42030
2025-11-14,DAL,2650,ATL,RIC,S,B4,Main,B14,false,,2025-11-14T09:49,2025-11-14T09:45,2025-11-14T09:59,2025-11-14T10:01,2025-11-14T11:12,2025-11-14T11:10,2025-11-14T11:22,2025-11-14T11:16,Boeing 737-900ER,N906DN,HUV35O,36 A,WINDOW,ECONOMY,CREW,,6b06851b-ba20-45cd-b4cf-37f344680529,a8765091-d043-44b1-936c-d217bb519e56,6f0c1d11-cfef-4b33-b462-90379270f593,251bd012-ff1b-4fd6-aa7f-c7b9112eddad,,24012541-435d-4a27-af8a-4791336f1965
2025-11-17,DAL,1402,RIC,ATL,Main,B15,S,E7,false,,2025-11-17T06:20,2025-11-17T06:12,2025-11-17T06:30,2025-11-17T06:22,2025-11-17T08:10,2025-11-17T07:35,2025-11-17T08:20,2025-11-17T07:41,Boeing 757-200,N6713Y,,19B,MIDDLE,PREMIUM_ECONOMY,CREW,,33346b2b-e18c-421e-ac6a-6320da9a2362,a8765091-d043-44b1-936c-d217bb519e56,251bd012-ff1b-4fd6-aa7f-c7b9112eddad,6f0c1d11-cfef-4b33-b462-90379270f593,,2c3a4012-9fb9-44fc-9a71-0b6cb336042e
2025-11-17,DAL,1063,ATL,MDW,S,A15,Main,A5,false,,2025-11-17T08:55,2025-11-17T08:47,2025-11-17T09:05,2025-11-17T08:59,2025-11-17T09:42,2025-11-17T09:28,2025-11-17T09:52,2025-11-17T09:34,Airbus A319,N323NB,,16E,,ECONOMY,CREW,,2e2d1465-6189-4b37-b539-af562a831653,a8765091-d043-44b1-936c-d217bb519e56,6f0c1d11-cfef-4b33-b462-90379270f593,b1bccd34-3f11-416a-998f-65cc527ca2a0,,fb8254ff-1d83-4fe1-a147-882c217dfcbe
2025-11-21,SWA,3769,MDW,RIC,Main,B7,Main,B9,false,,2025-11-21T09:35,2025-11-21T09:35,2025-11-21T09:45,2025-11-21T09:55,2025-11-21T12:20,2025-11-21T12:16,2025-11-21T12:30,2025-11-21T12:23,Boeing 737 MAX 8,N8947Q,,1F,WINDOW,ECONOMY,CREW,,a703d971-78e8-4d23-80b8-e3e0a9b785d1,be4c4286-2c02-4dca-86d4-56e19aa348f7,b1bccd34-3f11-416a-998f-65cc527ca2a0,251bd012-ff1b-4fd6-aa7f-c7b9112eddad,,5ee1c1db-bf8c-475a-99b0-262bbc7a50b2
2025-11-24,DAL,2370,DCA,MCO,2,B18,B,75,false,,2025-11-24T06:59,2025-11-24T06:57,2025-11-24T07:09,2025-11-24T07:24,2025-11-24T09:11,2025-11-24T09:11,2025-11-24T09:21,2025-11-24T09:21,Airbus A319,N321NB,HST7NU,15C,AISLE,ECONOMY,CREW,,c696bb61-f5bf-4874-9be2-f2312c813db8,a8765091-d043-44b1-936c-d217bb519e56,be38c6f9-3dd7-41e2-baf8-929dbd2b54f3,85570a14-2373-4bad-a7b5-b3a9a7fdce90,,fb8254ff-1d83-4fe1-a147-882c217dfcbe
2025-11-29,SWA,3625,MCO,ORD,A,129,5,M2,false,,2025-11-29T19:45,2025-11-29T21:29,2025-11-29T19:55,2025-11-29T21:45,2025-11-29T21:40,2025-11-29T23:20,2025-11-29T21:50,2025-11-29T23:28,Boeing 737-700,N570WN,,1E,MIDDLE,ECONOMY,CREW,Snowstorm!!,26c07494-4554-4326-8934-986ee1d0bea0,be4c4286-2c02-4dca-86d4-56e19aa348f7,85570a14-2373-4bad-a7b5-b3a9a7fdce90,a5eff314-18e7-4c87-bd38-0131882f1b8d,,886c3a0c-c7a3-4205-982f-35cddc765ae1
2025-12-16,DAL,2738,ORD,ATL,5,M8,S,D12,false,,2025-12-16T18:10,2025-12-16T18:07,2025-12-16T18:20,2025-12-16T18:31,2025-12-16T21:14,2025-12-16T20:57,2025-12-16T21:24,2025-12-16T21:14,Airbus A321,N311DN,,19A,WINDOW,ECONOMY,CREW,,d1487cf5-410e-42f6-b60b-4cc0ef453e5c,a8765091-d043-44b1-936c-d217bb519e56,a5eff314-18e7-4c87-bd38-0131882f1b8d,6f0c1d11-cfef-4b33-b462-90379270f593,,5904cdc2-eccf-41fe-8345-e82a51d3269c
2025-12-16,DAL,1162,ATL,MCO,S,B9,B,72,false,,2025-12-16T22:20,2025-12-16T22:13,2025-12-16T22:30,2025-12-16T22:25,2025-12-16T23:37,2025-12-16T23:25,2025-12-16T23:47,2025-12-16T23:33,Boeing 757-200,N6713Y,,15F,WINDOW,PREMIUM_ECONOMY,CREW,,37c7a255-96d6-49c0-b8e0-f966bbc55c18,a8765091-d043-44b1-936c-d217bb519e56,6f0c1d11-cfef-4b33-b462-90379270f593,85570a14-2373-4bad-a7b5-b3a9a7fdce90,,2c3a4012-9fb9-44fc-9a71-0b6cb336042e
